"qseqid","ssciname","pident"
"98f92aa12195301ebbd47287eb23c45cffe10ffa","Oncorhynchus tshawytscha","1"
"634d5f7afc94d10e6d910998135507f8cc696675","Oncorhynchus tshawytscha","1"
"7aa929fd12fc38856e105d3092ae8752af4b44da","Osphranter rufus","1"
"5665aa2e55ea5163208ff750699263c29c27098e","Stenobrachius leucopsarus","1"
"edfb918a1c15712aff3efaaa86f46d5ee129315e","Clupea pallasii","1"
"82d2ca5faea5bec0e9ddf893aea2b2399ae27e8f","Oncorhynchus nerka","1"
"b2220b6b1670d495c936dd53008e7ca257b5d6bc","Stenobrachius leucopsarus","1"
"db4bb6dc482c2a3648e325a2964ca1a2814a7d2f","Engraulis mordax","0.988"
"6e25e02ff4de015d1dd4f1a25d104890310d7d91","Artedius harringtoni","1"
"2491ffcd22c019c38661946d58a65159025d397d","Clupea pallasii","1"
"941de38457f3eae76bef716dcee28be997145559","Artedius harringtoni","1"
"f73b53947ba4f4022c11b6f53bd76b568a35cf84","Engraulis mordax","0.989"
"eedc937a4c6868cf6c77409e1133bf9188d7d9fc","Clupea pallasii","1"
"608960b8da9ff68e2efa11623e04234b0ec7d60b","Tursiops truncatus","1"
"c61b09b9e3bd289ce4a2e530d54ff53217504928","Sardinops sagax","1"
"8605ceee78ae0051e84cbb2ad016d5bc3ec5e9cb","Merluccius productus","1"
"a277b296e64675e0c9c06e9404423af6cc24d71a","Chitonotus pugetensis","1"
"02e4a86c119ca4b65e5b616135fa996aa2eb4372","Oncorhynchus kisutch","1"
"2388a63c66eb39c03c474a4d0c9d7b0d99782629","Sardinops sagax","1"
"8c6e1dc9cf052a3f21536460a743303cc188b81b","Cottus spp.",""
"d348c23013e4fa8ffe0fe3396d9f3451fe88db6b","Merluccius productus","1"
"77d9116a50958f69e026eea6c993a9d44bbc4ff0","Oncorhynchus kisutch","1"
"3a6a9122e22ef8cce1f5cb1d9da6fda8b3a157ef","Citharichthys sordidus","1"
"90ea3580ac4dbca98132b3ac7ef3c9fcf300ff51","Artedius fenestralis","0.994"
"b0bce780cd67e88dc9e76d8d726cfd2f5cfc5a1d","Artedius fenestralis","0.994"
"fe8e01e1080eac0ddd3ab3b57d749d9de0ee1fab","Leuroglossus schmidti","0.994"
"56b85a262e73a6e60ef0c6d33c4d23a70da33cc0","Sebastes spp.  ||  Sebastes alutus | Sebastes babcocki | Sebastes brevispinis | Sebastes elongatus | Sebastes emphaeus | Sebastes flavidus | Sebastes helvomaculatus | Sebastes melanops | Sebastes miniatus | Sebastes pinniger | Sebastes rosaceus | Sebastes ruberrimus | Sebastes zacentrus | Sebastes thompsoni | Sebastes joyneri | Sebastes inermis | Sebastes pachycephalus | Sebastes steindachneri | Sebastes taczanowskii | Sebastes aleutianus | Sebastes schlegelii | Sebastes proriger | Sebastes ventricosus | Sebastes nudus | Sebastes cheni | Sebastes baramenuke | Sebastes constellatus | Sebastes eos | Sebastes hubbsi | Sebastes longispinis | Sebastes oculatus | Sebastes owstoni | Sebastes phillipsi | Sebastes wakiyai | Sebastes wilsoni","1 | 1 | 1 | 1 | 1 | 1 | 1 | 1 | 1 | 1 | 1 | 1 | 1 | 1 | 1 | 1 | 1 | 1 | 1 | 1 | 1 | 1 | 1 | 1 | 1 | 1 | 1 | 1 | 1 | 1 | 1 | 1 | 1 | 1 | 1"
"9a69c3a268c7129726a4be25bfaacf024a80a18a","Oncorhynchus keta","1"
"6a2cd6fc4e4108d021c8b379a0712e9888431836","Tactostoma macropus","1"
"a637bf43d5e132d153855d8251665d935ea12a0b","Ophiodon elongatus","1"
"2d069d6128ed64aa351b164d45bf7f6f5387f663","Trachurus symmetricus","1"
"478dd98db3a0a5b681d314fcd6aa476db6e43489","Thaleichthys pacificus","1"
"588d28fb5bda80699518fa5eb07009f142c62aa6","Scomber japonicus","0.994"
"72d93a313d0244edae1cc9229ebd2525ddaec2ed","Merluccius productus","1"
"f3a80a1e9eaff2230ee09ea1b07fa5a0f39277e1","Citharichthys stigmaeus","1"
"fe251dac0c8406b0412dd9fb19122f8025a7f692","Osphranter rufus","1"
"57b8e6bb272d3b455e6af9bc845eab53580d2b01","Sebastes entomelas","1"
"87a3a870417e249a2623c627c336ba66e1b5527a","Tarletonbeania crenularis","1"
"76efe4aacef9d19b29eb515c2163486b08b4691a","Tactostoma macropus","1"
"b05eac0ae6bebbb0f133eb32789a54e3cb90ddbe","Cymatogaster aggregata","1"
"92e367352aeed8b876b13ae8130c0716d155ca1d","Microstomus pacificus","1"
"a36e764085f2df5057acd708a77653682db6a4fe","Nautichthys oculofasciatus","1"
"3d054ea4e3889c029fda834fab1ffd58a56baef1","Hexagrammos decagrammus","1"
"b945addeef9b0cbd4aa066d41d81519d5f7bebb8","Lumpenus sagitta","1"
"aa6ce908117326de02645020a33f408658c76d60","Diogenichthys atlanticus","1"
"8e445f971f8ba5281abd31b96174fc52fb9eb8a4","Pholis laeta","1"
"b6ef827691934a99b544e2b07b803ed0d6e12fbf","Homo sapiens","1"
"202fbc12ca243f5af6d80ef9fb8a47d52bb8fd5b","Hexagrammos decagrammus","1"
"f3b1b944f738536215cd355d76bc8c2bffd66624","Oncorhynchus mykiss","0.994"
"31adf9b0bfe620438b8e730fd474cc27e61c3cc4","Gasterosteus aculeatus","1"
"815465bf4218c40e60200ea518c5d7cbabd61f1c","Engraulis mordax","1"
"daa34294e48a59ab17cb5ff14fc2f2c72a6aa9f6","Oncorhynchus mykiss","0.994"
"6c49506da20cc547068ee28d02b3031d23916380","Tarletonbeania crenularis","1"
"ef6cede479f79d3fc46a42bacef3bb2430bab804","Clupea pallasii","0.994"
"1828062f7c59ec74511a61e06a73bf51d07637a2","Gallus gallus","1"
"fb959fffd2ff9552773d938f6c913e6213331861","Leptocottus armatus","1"
"fd29fea4657ee55d24729a8144cbfe6a63dc410e","Clupea pallasii","0.994"
"810a9a43ea3b63b86c5e1480c83a7492690654a5","Trachurus symmetricus","1"
"8eaa47f9ceccd67188f5b23ce0ad55a419f2706c","Leptocottus armatus","1"
"03ac9e716fe523c4c84442c146d5a142dbaec2b8","Hippoglossus spp.  ||  Hippoglossus hippoglossus | Hippoglossus stenolepis","1 | 1"
"ea9847d5bc11d3605576da20a103777bc1b8c807","Alosa sapidissima","1"
"696666d40b251713fca3655504ab24ad6a023f68","Artedius fenestralis","1"
"6bae4f40387f8d5d2558df5314c59e0f5e2557e4","Artedius fenestralis","1"
"bf18f174310a20bd32e549f1482a9b3ae5202d99","Enophrys bison","1"
"885a8f14568847b76f62b3ae3db8afbb23d933a8","Alosa sapidissima","1"
"30ff5ffa835ac9e0bc624106a571dca5fd89d309","Sebastes spp.  ||  Sebastes caurinus | Sebastes maliger","1 | 1"
"6f71fc5506fe04f9538b5b8a0f2582d6da7539a4","Oncorhynchus kisutch","0.994"
"d3a973efbba962488ffbf56a5faaec76ad1925a8","Sardinops sagax","1"
"7a3cd79f5f5aa22838cecef14cdd58de3a051b02","Scorpaenichthys marmoratus","1"
"191a0612d8ddff9212ba6e5f412063f5e10aa0ed","Sebastes mystinus","1"
"c3cc25b4ae73c4840cc5f9c16fbe16560eb47e4a","Oncorhynchus kisutch","0.994"
"42bfc6303f5db0be106ce97e8a0f9f0454bf9218","Anoplopoma fimbria","1"
"552f7ec9297f038ded895bef6caf81c00fc55bf1","Tursiops truncatus","1"
"1e2c6964d7d7aa5b5b0328a3f2a58c65ab9ab423","Oncorhynchus nerka","0.994"
"ba0715e8c59dd6203f0877bc7b055563ecd66e94","Oncorhynchus tshawytscha","0.994"
"bbb3bcc890abbefe2371f7ee55542ef8cb9debc9","Osphranter rufus","1"
"5b0bb764101ccfeb5228e44218865ac2f2a5d4be","Zalophus californianus","1"
"f7612efcc5304c28af27c31fddce4d740f073bc8","Clupea pallasii","1"
"c6d586dc78d8ef5cac238cba2d5714407775bd69","Bos taurus","1"
"8d89880e66c53dde2efff8ad329dc8a6d57149c4","Syngnathus leptorhynchus","1"
"0900d5804f14bbd88f7a315d4263ae42dd8fdfa0","Jordania zonope","1"
"05154443fa2b202297c6fc1cd577e42c1d7e1b29","Clupea pallasii","0.994"
"da50de6ceaee345143049d7f5f01e100404b243e","Spirinchus starksi","1"
"680038250c95f613907304f9b1488f3a9ab8794f","Oncorhynchus tshawytscha","0.994"
"a05b326fba2ac0a5599c7fd4f6a1b92f4db27785","Clupea pallasii","1"
"61c6feb9bb339c9ea649c171905ffef5d82d0eb8","Sebastes nebulosus","1"
"731f68d33fe001c6f1144ddd87449b2986f03e71","Clupea pallasii","1"
"56b2769e5e1b243156f4db29981ce5126d80e2c3","Clupea pallasii","0.994"
"f45e5611cabffd7c6aa0265033c70a755e7be4b5","Bryozoichthys lysimus | Chirolophis decoratus | Chirolophis nugator","1 | 1 | 0.988"
"5fb4e37154e6876ceacd6a6d488ed8b77125be2b","Hydrolagus colliei","1"
"8140a3cea89cdcb85ba042493579fe5a2e71a7b2","Clupea pallasii","0.994"
"6167ab846a9c3cf821114f61468d9817e857431b","Pholis spp.  ||  Pholis clemensi | Pholis crassispina | Pholis picta | Pholis fasciata","0.988 | 0.988 | 0.988 | 0.988"
"d334e2e1f793316fd22167642a71afbd66c78278","Hemilepidotus hemilepidotus","1"
"f58165a03d83170c45f1abbea86a652f8ba78a84","Oncorhynchus tshawytscha","1"
"9f443da9b965f45524b4f7074a58fcaec86db143","Synchirus gilli","1"
"758c788ac3c9a7995919508982de48b4915fc36b","Liparis pulchellus","1"
"988169d844c093b8d36f64ad55cf01a9a96cf571","Phocoena phocoena","1"
"8b904997120f04d84e0b0d64ce1c2f936a732213","Hexagrammos spp.  ||  Hexagrammos agrammus | Hexagrammos lagocephalus | Hexagrammos octogrammus | Hexagrammos stelleri","1 | 1 | 1 | 1"
"204b391bd9f03324fcb2244146c1e555ae0e3493","Embiotoca lateralis","1"
"6b969109eab25a7d8bdbef9709e18e47e4880382","Hydrolagus colliei","1"
"26b8aee14f20940c520351869c4b4188eff5b62f","Myoxocephalus spp.  ||  Myoxocephalus jaok | Myoxocephalus polyacanthocephalus | Myoxocephalus stelleri","1 | 1 | 1"
"a66623b3345bdd024dc28e9eb2335d75eb9d3b56","Oncorhynchus tshawytscha","0.994"
"0cf921ef977329911a0fb3d095c730f307895de2","Anoplarchus spp.  ||  Anoplarchus insignis | Anoplarchus purpurescens","1 | 1"
"bdec7d39fbcd494f3a69eeb45343a5e7adbbce2f","Clupea pallasii","0.994"
"7037767144816f0e8c3cac70d0598a5d9e555e74","Liparis florae","0.994"
"6fc5c253b29509064dc5f5149ff78d554fe3ce28","Clupea pallasii","0.994"
"f883a2180a1aff82465c58622705e96c81e6e51a","Xiphister spp.  ||  Xiphister atropurpureus | Xiphister mucosus","1 | 1"
"d39eb7b593aa1b531e1abb8b25878b24b21a8c72","Oncorhynchus tshawytscha","0.994"
"f9655c1c56f544c8769c103f6e85b547d4b64d07","Delphinus capensis | Delphinus delphis | Tursiops truncatus","1 | 1 | 1"
"939f21dd622a8ddcc3fe8b15ae02d3243795f237","Oncorhynchus tshawytscha","0.994"
"059c327da4cdb05ea2f4aab27961710fbf9c2678","Oncorhynchus tshawytscha","0.994"
"afb6e29d578074f7a4ffe420bed62b2babbaa2c1","Osphranter rufus","0.983"
"abe108805f44e0ddcae4920e614f16ceb4d69604","Undefined",""
"ea7f7fb8734a160949381badc10a971d64e3bd20","Thunnus alalunga","1"
"f6d66e93af306deefa8e30c7f8608dd893e257a0","Hemilepidotus hemilepidotus","1"
"24aa872290ba5387d642c3003435b9bedeae8739","Allosmerus elongatus","1"
"15903b34a9ddf3e5fac7751a3fb4553cba9c950a","Sebastes paucispinis","1"
"706fbda4bdc5135adccfb479df9c9192f01cabeb","Oncorhynchus tshawytscha","0.994"
"a0c97d9714dae11761abbba6ef50b77827229a1d","Oncorhynchus tshawytscha","0.994"
"e4d58eaddab0b4990385f6d9477687b318d3ff2b","Lycodopsis pacificus","1"
"5ee0eb112b86be2c81b6dedad6fca38508971d17","Oncorhynchus tshawytscha","0.994"
"8b2e4f40bde599b8d20d3b3167920f03f8060602","Undefined",""
"0b5e3076110a3fc7c8710e414851ea021954abb5","Gadus chalcogrammus","1"
"7a0c242fa219441720f0e2f4293e0c5bf96714b2","Anarrhichthys ocellatus","1"
"bfef209f5be3b6c62333e81a190835fe6f12c3a3","Cephalorhynchus heavisidii | Lagenorhynchus acutus | Stenella coeruleoalba","0.988 | 0.988 | 0.988"
"6883b08b43625f319ca261e061eb0539974e7f2d","Aulorhynchus flavidus","1"
"6550b5b6e2d8946269402c743a11baeffe8ce624","Isopsetta isolepis | Parophrys vetulus | Psettichthys melanostictus","1 | 1 | 1"
"2965805ccb82b01dc258805a98a461b8e1e4a000","Undefined",""
"98a70307f0d7a96eb106c0ed9a2e0273a664d2e9","Spirinchus starksi","0.994"
"f6c5e4f6ecd553f5028351d2fc1f4f1633cccb08","Tursiops truncatus","1"
"3b7bdcdeebcaa60a5e063b060d36f085adf35540","Oncorhynchus tshawytscha","0.988"
"e36e14bc12043a3b3536e04dd7d4985b2ad1100b","Orcinus orca | Stenella attenuata | Stenella clymene | Stenella coeruleoalba | Stenella longirostris","0.994 | 0.994 | 0.994 | 0.994 | 0.994"
"9282bffe9849302318ecbc2e3793145115d2eef8","Ascelichthys rhodorus","1"
"954269e4284b3e220696c7a3bba8403502a02c88","Gadus chalcogrammus","1"
"5bfd56df60ed30516c21d7cf6f25adb54668d6d4","Gobiesox maeandricus","1"
"a976895ca48936e6dc01517f8d61c69866f9f0a3","Oncorhynchus tshawytscha","0.994"
"2a13f2ff4053de99a3c4f70644daa7a1f5000aaa","Oncorhynchus tshawytscha","0.994"
"e605f34aa97f3133bd37018d290ae19b4c567d18","Balaenoptera musculus","1"
"14b56a23a27e8c55d1cbe3e3cfdfef66807e9f07","Undefined",""
"e194893b9864c8f141c099f4c785511ffdb54e1a","Undefined",""
"a210a55551b22693281313c8207fa9ce914b2340","Megaptera novaeangliae","1"
"350ded9d26c055525016fd2b6ecf1b5da56cc347","Undefined",""
"81a369ba094d9d03b2c0128b224f6007482165dc","Synchirus gilli","1"
"cd95a9d4b4b049792bb1cf2033b33c0dc30fef5d","Macropus giganteus","1"
"6b031c6660e41eb310cb12aeee649a05fc6bfcdd","Oncorhynchus tshawytscha","0.994"
"7d13ac008f466e45f812775fa8649a5eb0a5bde4","Stenella coeruleoalba","1"
"c8ee8103048d4dd115e8b63e3c89ffbf558ecb8c","Oncorhynchus tshawytscha","0.994"
"5ee2d711f2f9d3c1cd7ee6f15aeb738103f7ce68","Hexagrammos spp.  ||  Hexagrammos agrammus | Hexagrammos lagocephalus | Hexagrammos octogrammus | Hexagrammos stelleri","1 | 1 | 1 | 1"
"6cc508bee6b00a2f626f345efae969cc2e7413a2","Cephalorhynchus heavisidii | Stenella coeruleoalba","0.988 | 0.988"
"1f3935eac61189f961a5c47bb0e85272c0b96b3f","Liparis fucensis","1"
"f5116b9182caad71f5cbaac6d71670f6fe58206b","Oncorhynchus tshawytscha","0.994"
"7781e676bbcba714d33fad67ece970c3cf7d3e63","Clupea pallasii","0.994"
"0291af46ecd4335db6d084ee45b7148a950b1318","Clupea pallasii","0.994"
"ef1806d693ccd73a23ae42c44cb529603ff8839e","Oncorhynchus tshawytscha","0.994"
"d8fb722a3b16bed133e6431e32a1e2fcc7a9f62e","Undefined",""
"8e316c252f82da0ce42467422b056caf6a963ec4","Oncorhynchus tshawytscha","0.994"
"70f0932b5a845281c6337e418cb8af37b438adf3","Osphranter rufus","1"
"477008ea5342d811b30c72359548d9da592b2992","Oncorhynchus tshawytscha","0.994"
"77cd45c668fcdcad19807b3da188d79b6741129c","Hemilepidotus hemilepidotus","0.994"
"318f65a34f5abf48b0221bdf0e3d35277dd2af94","Oncorhynchus tshawytscha","0.994"
"08aeff2947a8b2e08cdf4f3170d1eda2ae0bca23","Oncorhynchus tshawytscha","0.994"
"d9e99aae5d59e4b3e2f3153e9f85b742a8de2f2e","Allosmerus elongatus","1"
"307ee70a01bbb407142b1ea3411d2eaac0de347e","Clupea pallasii","0.994"
"b4e61ad36fc2c03f18443dcb8faf5c0c278c423d","Clupea pallasii","0.994"
"3b3d992a1ca14c54865dd86132584857582f550a","Clupea pallasii","0.988"
"013da4a55a419348e5b80d3276fefbe4231ad77a","Oncorhynchus tshawytscha","0.994"
"fe98062cb751d037f7bf0b8d6258a47cbb77aa19","Blepsias cirrhosus","1"
"cadd99fd16d0b3734d7c946ca727fd6013c0ab6b","Undefined",""
"a16b01d5c1276d6c0b3807c1cba5adb5f899a588","Oncorhynchus tshawytscha","0.994"
"61ecc307f757a53dfc5afa25429c83653bbddb5b","Oncorhynchus tshawytscha","0.994"
"67dc36d6b4d896fc0e03faad86654e57c258be07","Oncorhynchus tshawytscha","0.994"
"25cf7b0ea4572ddd942439d2ac7486b20defdc49","Oncorhynchus tshawytscha","0.994"
"0276299aed42b15a69537bf20feff16cde471489","Eschrichtius robustus","1"
"b810f89f6bc68080a4f1ae9d784dc4052a38a35c","Gadus macrocephalus","1"
"de0569735fdf8e4e03e7c77f9b8d2626a26a457d","Oncorhynchus tshawytscha","0.994"
"357e395d8741bc837b0ce87c6f546bed5050733d","Lepidopsetta spp.  ||  Lepidopsetta bilineata | Lepidopsetta polyxystra","1 | 1"
"98f2eee5cc4142147dc10600148935080b4c2653","Balaenoptera physalus","1"
"c2233bd480b41e8296b8714576bac9c65cf918bd","Oncorhynchus tshawytscha","0.994"
"dccb0f4cff65b7637ae7e54ac70a9fbb1feddf3c","Oncorhynchus tshawytscha","0.994"
"12823741c559cd2f98e1908644d4a3068fa00fb3","Oncorhynchus tshawytscha","0.994"
"5a410d1fde05dbeb2c71dca738549a9f69b1f869","Globicephala macrorhynchus","1"
"35fef42e6929b9f73ec88e61c38ef13e4a27000c","Oncorhynchus tshawytscha","0.994"
"ac7e46954da11bea9acec9c70f789bb5cbf5f74a","Liparis florae","1"
"809ba4ddf6da071c2ad477c6cc8fe45f1904a356","Oncorhynchus tshawytscha","0.994"
"c9c48b5f462ccce8114d54f0d51233f0c269c725","Rhinogobiops nicholsii","1"
"87c8026b132f5e6899054a10d798518e11cc43ae","Oncorhynchus tshawytscha","0.994"
"64eecf14b5ef3e418a193a21d2c978890aeede33","Oncorhynchus tshawytscha","0.994"
"b5b5a36f6d4bca2c813e765378e0d018dd717ee7","Oncorhynchus tshawytscha","0.994"
"2f6dff0fe9ebddde4d6684e3878334920a9c2f4f","Sprattus sprattus","1"
"5cf7eb5fe031d778164353639b56aba6632dcaaf","Oncorhynchus tshawytscha","0.994"
"2fcbb7423f7b9c403d7c37b238094ebe6f11e347","Oncorhynchus tshawytscha","0.994"
"8e22552e59f541733aaca9de4c9d2940941b94d5","Apodichthys flavidus","1"
"6be07cb89b18be8e1cad1f98f70304b36ab3e0ff","Oncorhynchus tshawytscha","0.994"
"96f498db1fe64b7de7575e6df31bc5a8e0f489ba","Oncorhynchus tshawytscha","0.994"
"d3eda2100b36c2ae9de2aef0654557e5794325a6","Homo sapiens","0.994"
"2c0ecd2087b03e283b66c488815ba17791f487f5","Mesoplodon densirostris","1"
"50d5a3f2b4d167cfbca17d817316739f8f89fe8d","Oncorhynchus gorbuscha","1"
"3f854d436b9349233869b45f62cd4a097ae2fcac","Undefined",""
"46393cd4e97d25124bf6610f0d9445f0f37a40b2","Podothecus accipenserinus","1"
"9f02eab3a74e26e70a0e82fb4e7834f16b897a88","Oncorhynchus tshawytscha","0.994"
"92d842b1a16a5bc76a0dc0ff45245b99651fa7ce","Artedius harringtoni","0.994"
"92dd52e93c5eb19d5760858181ba1a2b65d48d2e","Clupea pallasii","0.994"
"a842aa2de3844a0559017d55789d9d51df974e4f","Oncorhynchus tshawytscha","0.994"
"44200e6884f072a20c6236132d9b28af8a80161e","Oncorhynchus tshawytscha","0.988"
"50c3ce5ccad474da11f201bef238fd55d59c272a","Oncorhynchus tshawytscha","0.994"
"de068d7c4c52158ce866dc4434278f82f6e2b625","Hexagrammos decagrammus","0.994"
"631db9ba482d4b16a4fe95c236f3298fc070de71","Oncorhynchus tshawytscha","0.994"
"6318069bc340cb468d70f4a0b05510de5f2be23a","Undefined",""
"4af2a0fa4371055eef039fb7b4a04fcabf51653e","Oncorhynchus tshawytscha","0.994"
"d6f69979e2e7c50e468fdb7a4ad00eb8296b8bf9","Homo sapiens","1"
"2b3ce5d779378eb3d5075aa0adf5aed58e082a75","Oncorhynchus tshawytscha","0.994"
"f4f52d8cc4d1a0df38dfa7e4f34a251dfd62c9d4","Clupea pallasii","0.994"
"37423ee4d1d7a85ff3aa523695d931c59f5736c2","Oncorhynchus tshawytscha","0.994"
"7c6fe6e0d29edc50a0f7b340ec678cf73c3461fc","Oncorhynchus tshawytscha","0.994"
"4f45dd505061f91dfcefb6d7f2eaced671dfa971","Oncorhynchus tshawytscha","0.994"
"7b811e448963eec2c7033f4eb6b456e5f32eb9d3","Phocoena phocoena","1"
"1daff37fe64371dbd3b7bd1811f1da5421fb5017","Clupea pallasii","0.994"
"dbb757511d3ca5b3dd87e62fc673891310026f6c","Clupea pallasii","0.994"
"3b1871026797c21835e2f0c4c02527a2b8607167","Liparis mucosus","1"
"05e2ebcd3f7d74014e1f6fcb99a7a14bf8b40464","Pholis ornata","1"
"7430540c165c02777e5c7dddb5b163c733579c97","Osphranter rufus","0.994"
"bec764c5960c40ecbf211138a59fbb52f1d03718","Oncorhynchus tshawytscha","0.994"
"0980a615ebb8ede415df997a5bfc0d3b7806eb86","Oncorhynchus tshawytscha","0.994"
"3db492f4716a04f894bceb195ec2df6c0ff627ce","Osphranter robustus","0.994"
"2a0197678300368ee235231d107a595a8efc3b42","Stenobrachius leucopsarus","1"
"b1095407a9c9a94fe1f569d080f80043a0d2d934","Odontopyxis trispinosa","1"
"0931f311afd850e26fa9c9327711f8730b0c3776","Macropus giganteus","0.988"
"04b5d83c9384cf48a2d2620896f936bdf2f2901a","Homo sapiens","0.994"
"339921b5a702a87bfbdba393f2793f0739a18f51","Oncorhynchus tshawytscha","0.994"
"e5a0ada8481541bd621572af09f60fee8d03b329","Hemilepidotus hemilepidotus","0.988"
"01465b2d55974224d1068b7a8595ae8814d14b0f","Oncorhynchus tshawytscha","0.994"
"c1f0c9483d6addd63bc831ecac3e3af6abd02009","Glyptocephalus stelleri | Glyptocephalus zachirus | Myzopsetta proboscidea","1 | 1 | 1"
"c2ff2b055dc8be680f2715feb0d62439d89cfc15","Gadus macrocephalus",""
"fff06ffba50900128cc7e533079f4d3472844e46","Tactostoma macropus","0.988"
"631fd7e814ddfc96c8c9566740f8ac555402cf3c","Sebastes spp.  ||  Sebastes glaucus | Sebastes inermis | Sebastes nigrocinctus","1 | 1 | 1"
"9466fda7cb711d4b2bf6bb444c9f48510d8f6adc","Oncorhynchus tshawytscha","0.994"
"18303c87d622bfa2713c8a4fe1d1008c1b6f6276","Oncorhynchus tshawytscha","0.994"
"94222f0f86617ebb77eb9740b9ec925e6e2bfddb","Undefined",""
"671746dccef211441ac70772d861d5e7a930e218","Undefined",""
"198c0ea5e49319ea7c05ef6bed1d369adb986f6a","Oncorhynchus tshawytscha","0.994"
"31f41238b2d21ab702054de79fed82ed77bc94f2","Macropus fuliginosus","1"
"09f093bfcd98bd11c8beb13cdb216b19b8a8883c","Macropus giganteus","0.988"
"ca746ac22883a266e9321d4eb35dfe66dcfbebc8","Oncorhynchus tshawytscha","0.994"
"d8a29f90d5932ccaca21769264dc568a16b929c9","Oncorhynchus tshawytscha","1"
"878da2bd0e2927f0ea94e2e0118e65a06a8db2a2","Microgadus proximus","1"
"7cde0ce43d8dbd3357cfe21c83a6bb38a567b917","Undefined",""
"2a912aa18cdfc77d4b3455e2d92caca9decd29fe","Lagenorhynchus obliquidens","1"
"cd1cda766458e3d1ba1dff61887d8027f907070f","Oncorhynchus tshawytscha","0.994"
"91dc2d9505a03c2e2f60d1a54be36071908c159b","Clupea pallasii","0.994"
"16392ddb8af87a165015458fae783be0e8da6df9","Oncorhynchus tshawytscha","0.994"
"9b45909a0c0db95600baf5f0cddc696fdca9565c","Homo sapiens","1"
"b7a84f47f7bb915a5b3a8a3319130b58182241e9","Homo sapiens","1"
"9e1d65971826f39037988b9a5bfff1918f3a8139","Clupea pallasii","0.994"
"efc217970005b1321dc2f6ee9f239bf0c5579a6e","Clupea pallasii","0.994"
"16518db9abb6ec2fe6d15e9e14e49c5e182df05f","Clupea pallasii","0.994"
"a68bd4bf8db9a2442875096afccc7ac9505da01a","Oncorhynchus tshawytscha","0.994"
"8a51ac67b70f5e3c3498db327188d56caf2da8ca","Oncorhynchus tshawytscha","0.994"
"4f50c3584e8b654a5f9e9c22f931a3e5acc38c11","Clupea pallasii","0.994"
"c6b3f2122289e9636d1bd44c62ff200d9e1e263f","Sebastes spp.  ||  Sebastes alutus | Sebastes babcocki | Sebastes brevispinis | Sebastes elongatus | Sebastes emphaeus | Sebastes flavidus | Sebastes helvomaculatus | Sebastes melanops | Sebastes miniatus | Sebastes pinniger | Sebastes rosaceus | Sebastes ruberrimus | Sebastes zacentrus | Sebastes thompsoni | Sebastes joyneri | Sebastes inermis | Sebastes pachycephalus | Sebastes steindachneri | Sebastes taczanowskii | Sebastes aleutianus | Sebastes schlegelii | Sebastes proriger | Sebastes ventricosus | Sebastes nudus | Sebastes cheni | Sebastes baramenuke | Sebastes constellatus | Sebastes eos | Sebastes hubbsi | Sebastes longispinis | Sebastes oculatus | Sebastes owstoni | Sebastes phillipsi | Sebastes wakiyai | Sebastes wilsoni","0.994 | 0.994 | 0.994 | 0.994 | 0.994 | 0.994 | 0.994 | 0.994 | 0.994 | 0.994 | 0.994 | 0.994 | 0.994 | 0.994 | 0.994 | 0.994 | 0.994 | 0.994 | 0.994 | 0.994 | 0.994 | 0.994 | 0.994 | 0.994 | 0.994 | 0.994 | 0.994 | 0.994 | 0.994 | 0.994 | 0.994 | 0.994 | 0.994 | 0.994 | 0.994"
"86bd9d099219cd57c3e5c52108e043073eb26893","Anoplarchus purpurescens | Anoplarchus insignis","0.994 | 0.988"
"4987ed61a49e7ac29ca047ce7bdb0f428c8e7a1a","Sebastes spp.  ||  Sebastes alutus | Sebastes babcocki | Sebastes brevispinis | Sebastes elongatus | Sebastes emphaeus | Sebastes flavidus | Sebastes helvomaculatus | Sebastes melanops | Sebastes miniatus | Sebastes pinniger | Sebastes rosaceus | Sebastes ruberrimus | Sebastes zacentrus | Sebastes thompsoni | Sebastes joyneri | Sebastes inermis | Sebastes pachycephalus | Sebastes steindachneri | Sebastes taczanowskii | Sebastes aleutianus | Sebastes schlegelii | Sebastes proriger | Sebastes ventricosus | Sebastes nudus | Sebastes cheni | Sebastes baramenuke | Sebastes constellatus | Sebastes eos | Sebastes hubbsi | Sebastes longispinis | Sebastes oculatus | Sebastes owstoni | Sebastes phillipsi | Sebastes wakiyai | Sebastes wilsoni","0.994 | 0.994 | 0.994 | 0.994 | 0.994 | 0.994 | 0.994 | 0.994 | 0.994 | 0.994 | 0.994 | 0.994 | 0.994 | 0.994 | 0.994 | 0.994 | 0.994 | 0.994 | 0.994 | 0.994 | 0.994 | 0.994 | 0.994 | 0.994 | 0.994 | 0.994 | 0.994 | 0.994 | 0.994 | 0.994 | 0.994 | 0.994 | 0.994 | 0.994 | 0.994"
"6632a61c8a7f6ad5453c2cf9381dc48c1788f183","Oncorhynchus tshawytscha","0.994"
"70aa0473610e196af8e6efcc807c43afaf2ed19e","Phocoena phocoena","1"
"c4ea4c06b95bd4ed9709a0fb036b79421b22d70e","Oncorhynchus tshawytscha","0.994"
"d8ce921b87ee2a3603e306e0c556b24194c9d7c6","Balaenoptera acutorostrata","1"
"3d0f5b1965285c0e28cffde7a45576bb1d00f536","Clupea pallasii","0.994"
"fb5b374271f229a1b4ab7689f0814019355d5fe4","Clupea pallasii","0.988"
"b01206a5c3894a926e2167b0766297f098896c5f","Osphranter robustus","1"
"bdfc9cd9fc7f807738c3f350f988300214d452c3","Clupea pallasii","0.994"
"e105a98286806fab56828ed516017c4661c2402a","Physeter catodon","1"
"0b8e7be78fe61974e9cabd4140f3741d2295fe88","Oncorhynchus tshawytscha","0.988"
"d24b6a4d670b6f5d39fbb662ad72253433ace33b","Oncorhynchus tshawytscha","0.994"
"6d8d05f9466b7348926989ae0c275fb80943d036","Oncorhynchus tshawytscha","0.994"
"f0bba01e1591e41c49ee0b1e9bba0419212e433e","Clupea pallasii","0.994"
"67784f150b113ff8c72a29a3d97d80d29d6faa88","Oncorhynchus tshawytscha","0.994"
"e74195f4fc1181861a6d8f1ed8367cf306392976","Oncorhynchus tshawytscha","0.994"
"26914529b25aacc031240221e87052da21793c6f","Phocoena phocoena","1"
"b47e7170bc86caf1dd33c495557e91621c8ede72","Oncorhynchus tshawytscha","0.994"
"481f86988105921454093bfcd9adfc457c238b18","Oncorhynchus tshawytscha","0.994"
"64ed6a94043b55b814252e33a82455cb628d8b2b","Radulinus boleoides","1"
"a298cc53456748d771cf77eb1472dd3642366248","Liparis fucensis","0.994"
"4b8ebe8d0682aa518a1a96d150741e6ded710b73","Sebastes spp.  ||  Sebastes gilli | Sebastes jordani","1 | 1"
"364fa660e8d5a53b78787f8b5920c614aba43610","Liparis florae","1"
"a136d2024c8024372a251f2a7c6fb673323c089f","Oncorhynchus nerka","0.994"
"4bf6fe4a2bcf842fc3ea3888068122085fbbae07","Hypomesus spp.  ||  Hypomesus pretiosus | Hypomesus transpacificus","1 | 1"
"d20672b613c0da486e5e693d9d1d49b5d05102ad","Ascelichthys rhodorus","0.994"
"5a8ef37419e2f44ffebcf5bf62167538b9ce4362","Undefined",""
"dd40d27b9d36bb75db92e06d5e957bafc43e8f2a","Clupea pallasii","0.988"
"806d0d3d3f98da228675cfd07bfddffcf02da698","Microgadus proximus","1"
"7e4392f62e0959de26da328f4f1d57fc2faf5202","Ziphius cavirostris","1"
"5240906c222cb7403601c3527d59b57063e3c3b7","Oncorhynchus tshawytscha","0.994"
"5e1ea8292dcf869fddd3868559936f35ed0041e1","Kareius bicoloratus | Liopsetta glacialis | Myzopsetta ferruginea | Platichthys flesus | Platichthys stellatus | Liopsetta pinnifasciata","1 | 1 | 1 | 1 | 0.994"
"4fb65c2d25e24b92d397e1635bc99546597e67bd","Oncorhynchus tshawytscha","0.994"
"5de045f18232f6ee10c44867e30f4505569dc444","Oxylebius pictus","1"
"611af8fb2121b3d9ee9348ee5ca812d629a0fa4a","Oncorhynchus tshawytscha","0.994"
"971a764714677dbb3799ab262be58b6a2c9d9455","Oncorhynchus tshawytscha","0.994"
"bb943c257f07dd25a160e77e68dfecce5794a72a","Oncorhynchus tshawytscha","0.994"
"b937d570b6ecf373a7b14d507d17a1f602facd8d","Sebastes spp.  ||  Sebastes borealis | Sebastes iracundus | Sebastes semicinctus | Sebastes saxicola","1 | 1 | 1 | 1"
"b0cc3619ee5c76cb9b07dc43aa6bed85d2b0d56d","Oncorhynchus tshawytscha","0.994"
"eb1ac15ac295c07215c3ffe956cdeb44b7c55905","Hemilepidotus hemilepidotus","0.994"
"a7ee008e2e67bead791d0aaf571a9960e43d8082","Liparis dennyi","1"
"dd1b787a8d76ca649392067f38c6c79f8f730db8","Clupea pallasii","1"
"a062a722a3fa137ae7766a5bd478a0d9f6123d7f","Oncorhynchus kisutch","0.994"
"0e64c7b35511ccfa69754b18723b89b3d18c4e6f","Clupea pallasii","0.994"
"e03737f6ec8da8825de4063b4874d98690d461c0","Clupea pallasii","0.994"
"038f505374a36454acba929ccce3944c5e192f24","Oncorhynchus tshawytscha","0.994"
"0bb94493933364db4e093a81529e5d6e675468ed","Clupea pallasii","0.994"
"0242b3a0389bcc4b0ef0cc170432a38673e434d4","Spirinchus starksi","0.988"
"12e2e152def273bdcf55e5597375dfc0ed33cb47","Pholis spp.  ||  Pholis clemensi | Pholis crassispina | Pholis picta | Pholis fasciata","0.982 | 0.982 | 0.982 | 0.982"
"6f02b40bb91e65ead87af326596ddce400af0580","Stenobrachius leucopsarus","1"
"4fbd2f84fe3d9db56ae10c96e401ee488700f91d","Oncorhynchus tshawytscha","0.994"
"3fc7ad7b6264feb8401beb209720dc5373b92a0f","Clupea pallasii","0.994"
"f3740bdab49d1e95610bcd6fafae668c25c1d908","Undefined",""
"5446467ccaa89e2d7bc0b43d7eabf702a5dd25fb","Sebastes paucispinis","1"
"d665a22273eb050425814dad353904c8b09a1f31","Sus scrofa","1"
"a0bcc54fc7710b818d209d08de9af69080d80d83","Oncorhynchus tshawytscha","0.994"
"91608e9123f6051161a045c16a2e2bf55af32d37","Clupea pallasii","0.994"
"31773b0b8fc7b99dfd32180d493e99ae8ca53d6c","Gadus macrocephalus",""
"f4b90e28c7c676a4deff520207f177b706e65355","Hemilepidotus hemilepidotus","0.994"
"2187d7e24d5d6184cb6637507d7a9dd7fdc74a90","Clupea pallasii","0.994"
"6ae9a6ba2e76f2db330a6ecdee0b6f0492a8ea91","Clupea pallasii","0.988"
"c58dcbd274b529994454d34327f3a110f81729fc","Hexagrammos decagrammus","0.994"
"788f2c316ec3c14d772a4be41e8b2998b6c28012","Hexagrammos decagrammus","0.994"
"7c363c23a35843f60daea9ab67861e075bd21af5","Icichthys lockingtoni","1"
"5ca2da0837354499c617166f377caf3588cb739d","Hexagrammos decagrammus","0.994"
"7a047d9744e07726d4256cd3b29aa17a9e5b5680","Clupea pallasii","0.994"
"04f5d83b34b8df5c117b3448d066b68be4356e8f","Oncorhynchus tshawytscha","0.988"
"36f5034083b207ae5e88ae70dc4a5bc11eb2dccf","Clupea pallasii","0.994"
"d5cfd83a5eb044c4337b467f05c5c92a841cac92","Clupea pallasii","0.994"
"0782c025a0f96f74b62c513d9bb2a228fff54b46","Hemilepidotus hemilepidotus","0.994"
"db9c85a2bda5ee1c16d70da180a4769d6306ce28","Clupea pallasii","0.994"
"c25a24eec2948797831af5a8f7e61883abda5257","Sebastes spp.  ||  Sebastes alutus | Sebastes babcocki | Sebastes brevispinis | Sebastes elongatus | Sebastes emphaeus | Sebastes flavidus | Sebastes helvomaculatus | Sebastes melanops | Sebastes miniatus | Sebastes pinniger | Sebastes rosaceus | Sebastes ruberrimus | Sebastes zacentrus | Sebastes thompsoni | Sebastes joyneri | Sebastes inermis | Sebastes pachycephalus | Sebastes steindachneri | Sebastes taczanowskii | Sebastes aleutianus | Sebastes schlegelii | Sebastes proriger | Sebastes ventricosus | Sebastes nudus | Sebastes cheni | Sebastes baramenuke | Sebastes constellatus | Sebastes eos | Sebastes hubbsi | Sebastes longispinis | Sebastes oculatus | Sebastes owstoni | Sebastes phillipsi | Sebastes wakiyai | Sebastes wilsoni","0.994 | 0.994 | 0.994 | 0.994 | 0.994 | 0.994 | 0.994 | 0.994 | 0.994 | 0.994 | 0.994 | 0.994 | 0.994 | 0.994 | 0.994 | 0.994 | 0.994 | 0.994 | 0.994 | 0.994 | 0.994 | 0.994 | 0.994 | 0.994 | 0.994 | 0.994 | 0.994 | 0.994 | 0.994 | 0.994 | 0.994 | 0.994 | 0.994 | 0.994 | 0.994"
"b8563493833e1d4be8788f2e914d30abfe978584","Undefined",""
"0a705eea52eb7bc103fee033a1d8061a193498cf","Osphranter rufus","0.982"
"2e7a60c098597e771206087d3b59dabc72f555a7","Clupea pallasii","0.994"
"b5459d1e8d477c5ee1784527ff57ea6d2430dc6e","Oncorhynchus tshawytscha","0.994"
"9abad40fb6c002cb20ff9656a2a889a944ebef87","Odontopyxis trispinosa","1"
"83f6d7b5c2df35c6d92bae3592db9f93fc8ee5f5","Pholis spp.  ||  Pholis clemensi | Pholis crassispina | Pholis picta | Pholis fasciata","0.988 | 0.988 | 0.988 | 0.988"
"256f722e8e727b63ac94a65765be7b4132076e22","Sebastes spp.  ||  Sebastes caurinus | Sebastes maliger","0.994 | 0.994"
"e2dfe354f857a597f4c6180ca1d5ad07fc139c2a","Gadus macrocephalus",""
"6731ee6bf1c9a45bef40693b18c8cde9fa9672a4","Macropus giganteus","1"
"610e97dc9a5b0e665a08fd2da89891d4a3f27bf1","Sebastes spp.  ||  Sebastes alutus | Sebastes babcocki | Sebastes brevispinis | Sebastes elongatus | Sebastes emphaeus | Sebastes flavidus | Sebastes helvomaculatus | Sebastes melanops | Sebastes miniatus | Sebastes pinniger | Sebastes rosaceus | Sebastes ruberrimus | Sebastes zacentrus | Sebastes thompsoni | Sebastes joyneri | Sebastes inermis | Sebastes pachycephalus | Sebastes steindachneri | Sebastes taczanowskii | Sebastes aleutianus | Sebastes schlegelii | Sebastes proriger | Sebastes ventricosus | Sebastes nudus | Sebastes cheni | Sebastes baramenuke | Sebastes constellatus | Sebastes eos | Sebastes hubbsi | Sebastes longispinis | Sebastes oculatus | Sebastes owstoni | Sebastes phillipsi | Sebastes wakiyai | Sebastes wilsoni","0.994 | 0.994 | 0.994 | 0.994 | 0.994 | 0.994 | 0.994 | 0.994 | 0.994 | 0.994 | 0.994 | 0.994 | 0.994 | 0.994 | 0.994 | 0.994 | 0.994 | 0.994 | 0.994 | 0.994 | 0.994 | 0.994 | 0.994 | 0.994 | 0.994 | 0.994 | 0.994 | 0.994 | 0.994 | 0.994 | 0.994 | 0.994 | 0.994 | 0.994 | 0.994"
"14c64a261a2c85467c78121198a9029fc11c1594","Oncorhynchus tshawytscha","0.994"
"0ff8bedd9525c8af7fd2f00dc71c4070d8235a3f","Oncorhynchus tshawytscha","0.994"
"41ab996f83645faacca468e615e93f366938b784","Oncorhynchus tshawytscha","0.988"
"6f60e53e9925eb1db41284160d30442713b4244b","Clupea pallasii","0.994"
"9a4cfbd9a087a8bd5c1c46395f25a2edc5d840ee","Oncorhynchus tshawytscha","0.988"
"650f562601fd559445a900f991dcc90e3d79249d","Engraulis mordax","1"
"c0cfe17121bac093ed191dafbb3d1623ebc26b84","Sebastes spp.  ||  Sebastes caurinus | Sebastes maliger","0.994 | 0.994"
"d2d9f1847025c71ebd60dc7714b964bf5387ca81","Phocoenoides dalli","0.994"
"dbf228b802929df53a750f507413ea30b6a4ef6a","Clupea pallasii","0.988"
"f661edd341bdfcbcfc60d5261f651c96a07ddf22","Unidentified",""
"17fe8195c56e0018b32731664c267976494f3fb5","Larus spp.  ||  Larus argentatus | Larus glaucoides | Larus marinus | Larus smithsonianus","1 | 1 | 1 | 1"
"1c0a486812f77d2ce0ba119a0f2402b02720aa76","Clupea pallasii","0.994"
"8276e849b1dbc5e394e085df7286064785795b36","Clupea pallasii","0.994"
"6f05278ccbfbbfc3499262cfb461ed8f24b45dd4","Anoplarchus spp.  ||  Anoplarchus insignis | Anoplarchus purpurescens","0.994 | 0.994"
"b722011cf06c5bb48aed72f5f237281798ae1364","Sebastes paucispinis","0.994"
"f504f6b1972125030a600727a35ef99411c310af","Oncorhynchus kisutch","0.994"
"e725ee39c7082e8d9642dba61dfb8e12fa30c167","Oncorhynchus tshawytscha","0.994"
"927707059c7f5718de8daae8e4965f5c7a359d21","Clupea pallasii","0.988"
"6746e03ec45086a9c89edf26c587d6e94cfbe26b","Lycodapus mandibularis | Lycodapus microchir","0.994 | 0.988"
"528323e769a505d353932570734ae106c0716001","Oncorhynchus tshawytscha","0.994"
"2cc0f5fd491a58b7b3764d49adcabbd81dfd35f2","Clupea pallasii","0.988"
"0fcb6874f9365b029acdc910e05870593f5cfdc7","Clupea pallasii","0.994"
"480a22a2bbdacebe68aebdaaa8f16973fa5e5613","Clupea pallasii","0.994"
"b9188662129060c6565ac6f701e024fdf10882d4","Oncorhynchus tshawytscha","0.994"
"47c0059ab492a2d15eb989e07a0b09e175027fb4","Sebastes spp.  ||  Sebastes alutus | Sebastes babcocki | Sebastes brevispinis | Sebastes elongatus | Sebastes emphaeus | Sebastes flavidus | Sebastes helvomaculatus | Sebastes melanops | Sebastes miniatus | Sebastes pinniger | Sebastes rosaceus | Sebastes ruberrimus | Sebastes zacentrus | Sebastes thompsoni | Sebastes joyneri | Sebastes inermis | Sebastes pachycephalus | Sebastes steindachneri | Sebastes taczanowskii | Sebastes aleutianus | Sebastes schlegelii | Sebastes proriger | Sebastes ventricosus | Sebastes nudus | Sebastes cheni | Sebastes baramenuke | Sebastes constellatus | Sebastes eos | Sebastes hubbsi | Sebastes longispinis | Sebastes oculatus | Sebastes owstoni | Sebastes phillipsi | Sebastes wakiyai | Sebastes wilsoni","0.994 | 0.994 | 0.994 | 0.994 | 0.994 | 0.994 | 0.994 | 0.994 | 0.994 | 0.994 | 0.994 | 0.994 | 0.994 | 0.994 | 0.994 | 0.994 | 0.994 | 0.994 | 0.994 | 0.994 | 0.994 | 0.994 | 0.994 | 0.994 | 0.994 | 0.994 | 0.994 | 0.994 | 0.994 | 0.994 | 0.994 | 0.994 | 0.994 | 0.994 | 0.994"
"8f0df9364a01d21d9f981ac600c96abed0e83e67","Phoca spp.  ||  Phoca largha | Phoca vitulina","1 | 1"
"92f97d63b56006ed086ad20f72c758ba061eb812","Apodichthys flavidus","1"
"8cf78b081d7c39e81a67b8aeaa17695c60358a90","Homo sapiens","1"
"5681002d25373b0709e61bcde4aed27c530229d4","Osphranter rufus","0.988"
"df4fae80c470c1e8840fa16b7f3975b164b6b4fd","Oncorhynchus tshawytscha","0.988"
"34140d37af1db350426ba7f9a937b19ee189b852","Sebastes paucispinis","0.994"
"f5830a0fa0f3970d3c4b836cfacb0ffa33ce7839","Bos taurus","0.994"
"bfb1aee35adfea4802d9d59bc8a5e47b77f92722","Clupea pallasii","0.994"
"43444f3cdf5b4a8ade2c405b9dfd3435aa81f2ce","Oncorhynchus tshawytscha","0.994"
"93f76b721404e59595a6aa3417ef82cb1026ffe4","Macropus fuliginosus","1"
"6f15c44437f7ce31d0a433886c4a7af4bd98b904","Orcinus orca","1"
"b3eb3f6d81c3927aaa6a9d48a4da1a70fac1df95","Icichthys lockingtoni","1"
"e5258486c6ef909c9333ebaccdaa2a586b0f05d4","Sebastes spp.  ||  Sebastes caurinus | Sebastes maliger","0.994 | 0.994"
"eed44aaf491e69f7057621bfb80dedc1dea4a92e","Homo sapiens","1"
"b1f5ecc9ad5636d44da4a5875439ce0fdb5f0c27","Gibbonsia montereyensis","1"
"5d9ab9485d4035fa7d5f23b4a07ebf85cd1f5218","Osphranter robustus","0.988"
"8e4830787ea0cd106c5235c7b24548f55bfa3bdd","Undefined",""
"4430d4967bf6ca1280f7db4e301a754dac5a06f8","Anoplarchus spp.  ||  Anoplarchus insignis | Anoplarchus purpurescens","0.988 | 0.988"
"9914198877c7e7fd8856406aa4edecd56c40fd46","Undefined",""
"765205657c7e74c4ba9aae71ad429907559a15dc","Oncorhynchus kisutch","0.988"
"aabaacb514c28f7a8f1ea297cb676935daba8092","Diaphus theta","1"
"a966b138919d0354a50d45dc30f8fba8f5361d74","Oncorhynchus tshawytscha","0.994"
"23f58727f8693d9f9bdd6431c16264cc61431e8f","Oncorhynchus tshawytscha","0.988"
"dfd5878829f02483a36d0b60924aa7d5833c1f58","Ammodytes japonicus | Ammodytes personatus | Hyperoplus immaculatus","0.994 | 0.994 | 0.994"
"f4a3e4f6ba8f38ce7b8345acdb55102103c8f010","Oncorhynchus kisutch","0.994"
"092701bd61bab74b22a41a934113a001b07dc2bc","Icelinus spp.  ||  Icelinus filamentosus | Icelinus tenuis","1 | 1"
"1257d0e780920ab5034f60fc617e58a9b125feaf","Clupea pallasii","0.988"
"8c9c73613ed377f0a78d21e6a246036d53af0399","Undefined",""
"15b98af9094628915c0b458700b416c6f2de72ce","Oncorhynchus tshawytscha","0.988"
"472f8508dacdfec897917e5295f015f8523d7fc9","Lagenorhynchus obliquidens","1"
"1a70c56bbc73da55ccbe27cacb116267f8e2d66f","Oncorhynchus tshawytscha","0.988"
"7f85cb5562e2217bf12e10cbd188298a5f969942","Clupea pallasii","0.994"
"8d6f469c94fd8e615b26a572eab31778b107679b","Homo sapiens","0.994"
"614c7652e2777f7d2f99a74375b6913dd543d507","Oncorhynchus tshawytscha","0.994"
"f0bf0562b2ed12e94effab09c2bc98b700d3e86b","Osphranter rufus","0.988"
"a9db1a5e1e1f5ad189b89b502f9596f60245809c","Clinocottus globiceps","1"
"8bf79831ea40f889edc3fae75ff219b583e27db2","Clupea pallasii","0.994"
"da5b62b4c5997949955c7d45678f71a7f31b116d","Homo sapiens","1"
"fbde2114281c0ae20cdb638b145db936933e4790","Oncorhynchus tshawytscha","0.988"
"5febe28e2af2a4aeb49d66f696af456c7cb8d331","Cleisthenes herzensteini | Cleisthenes pinetorum | Hippoglossoides dubius | Hippoglossoides elassodon | Acanthopsetta nadeshnyi | Hippoglossoides robustus | Limanda sakhalinensis | Hippoglossoides platessoides | Limanda aspera | Pseudopleuronectes americanus","1 | 1 | 1 | 1 | 1 | 1 | 1 | 1 | 1"
"890f97aa283f4e08276f99ca1aa7da208cabc30f","Diaphus theta","1"
"764f0b113a3a9996249fc90c1607ae7bfb3b30ba","Hexagrammos decagrammus","0.994"
"8c941723ea22c9bfa89c949be4360cc610b46eaa","Rhamphocottus richardsonii","1"
"8a502522be819542b808658456e7d0009f9964a1","Oncorhynchus tshawytscha","0.988"
"93ee8e039012a820068542924a92ad1588f4139a","Oncorhynchus kisutch","0.994"
"97ac052ddb3db8ef009ad85492364196bfbb5f7c","Oncorhynchus tshawytscha","0.988"
"56b2b20cf03c23436c7a3693c3fb6d3fdc17ccc2","Lipolagus ochotensis","1"
"d7e4cbb3a05c61f87f728f1b99bad4e7be12e56e","Cephalorhynchus heavisidii | Stenella coeruleoalba","0.988 | 0.988"
"e885887f869c3c9b816cd35b6335b151ced244d6","Oncorhynchus tshawytscha","0.988"
"0f135188c985c0e2e2f288712481dafb2f803272","Sebastes spp.  ||  Sebastes caurinus | Sebastes maliger","0.994 | 0.994"
"79129d9ecff1cc60a3d8688a38a6963ba76c648a","Phalacrocorax pelagicus","1"
"e20710620fdb9b5ce97f4467cba7b814280ef771","Oncorhynchus tshawytscha","0.988"
"627c1c3c2a2256e73c1a730d5a09f238e53aa258","Xystreurys liolepis","1"
"0d7534e4d3cda3dcf8cd0e343028fa09d4c9d56c","Oncorhynchus tshawytscha","0.988"
"b63c8a44c1122de0bfffaf7658d239d31c1fa8ec","Stenella coeruleoalba","1"
"477e24693948271de1346a94992dd9c137759a8b","Oncorhynchus tshawytscha","0.988"
"0a20d32afb36ac12ccf3e7f0105f58c5bdf5d600","Osphranter robustus","1"
"c69374ecb29efd4ad9d713c4feff7c25d4a8b7a8","Oncorhynchus tshawytscha","0.988"
"8fb4770df844edaae31820edf063df1b796b5d4c","Oncorhynchus kawamurae | Oncorhynchus keta | Oncorhynchus nerka | gg",""
"96e344c80036e93f558b479d2482c6f46d724af5","Ammodytes japonicus | Ammodytes personatus | Hyperoplus immaculatus","1 | 1 | 1"
"d1666fa4a25e91d1035fbb3b0d22da9233324475","Oncorhynchus kisutch","0.994"
"91aab2b3c53cf63564ad2d736d7e3fa12bd18e2b","Oncorhynchus kisutch","0.988"
"fceeb772091e516c029dc10f062511c6d993cd35","Undefined",""
"9afccb2ea3d931b675cedf1ec21760dbd913e591","Tursiops truncatus","1"
"ae9101bf2dd7cc22b88c399ae1ee6cd12f1ba968","Oncorhynchus tshawytscha","0.988"
"dac700e91432b2e46980eeb5a4146ef2d210f7b2","Oncorhynchus tshawytscha","0.988"
"a2b2261e3751ce5e87b994eb39ba6cb25a160cff","Oncorhynchus kisutch","0.994"
"9a77c65a2d0c460955c33fc58e7162aa05812534","Cymatogaster aggregata","0.994"
"aa6b526729a7472d97116bc23f9e9a81ce5b9991","Sebastes spp.  ||  Sebastes alutus | Sebastes babcocki | Sebastes brevispinis | Sebastes elongatus | Sebastes emphaeus | Sebastes flavidus | Sebastes helvomaculatus | Sebastes melanops | Sebastes miniatus | Sebastes pinniger | Sebastes rosaceus | Sebastes ruberrimus | Sebastes zacentrus | Sebastes thompsoni | Sebastes joyneri | Sebastes inermis | Sebastes pachycephalus | Sebastes steindachneri | Sebastes taczanowskii | Sebastes aleutianus | Sebastes schlegelii | Sebastes proriger | Sebastes ventricosus | Sebastes nudus | Sebastes cheni | Sebastes baramenuke | Sebastes constellatus | Sebastes eos | Sebastes hubbsi | Sebastes longispinis | Sebastes oculatus | Sebastes owstoni | Sebastes phillipsi | Sebastes wakiyai | Sebastes wilsoni","0.988 | 0.988 | 0.988 | 0.988 | 0.988 | 0.988 | 0.988 | 0.988 | 0.988 | 0.988 | 0.988 | 0.988 | 0.988 | 0.988 | 0.988 | 0.988 | 0.988 | 0.988 | 0.988 | 0.988 | 0.988 | 0.988 | 0.988 | 0.988 | 0.988 | 0.988 | 0.988 | 0.988 | 0.988 | 0.988 | 0.988 | 0.988 | 0.988 | 0.988 | 0.988"
"4590e896f059be5983879bb6e84286e33fa15e40","Carcharodon carcharias","1"
"6edd56335cef682aeda2e1a812b03a3f4fc34342","Oncorhynchus kisutch","1"
"c9b2ac58b69c44e7de8a3fddf1bec5f4d5c5500e","Undefined",""
"3c4370466d6aa02482624e26d934fa62268a392f","Cephalorhynchus heavisidii | Lagenorhynchus acutus | Stenella coeruleoalba","0.988 | 0.988 | 0.988"
"dac7eb9755084fd963f54cc2a7bbb07ca9965f04","Oncorhynchus tshawytscha","0.988"
"843f1656a14e577563040e67758347c32306abf5","Undefined",""
"38504a6764c46ea8326ee7bb54e799fd5d6e6385","Oncorhynchus tshawytscha","0.988"
"cbad2d867ec1e12b8f0e610ac360e07d250d4ad4","Xystreurys liolepis","1"
"fee18c6c3ee36f245bc6763ed04c31053740067e","Macropus giganteus","0.988"
"c50dd56655e780e280e5c5e0cc3792c830dbd0ce","Oncorhynchus tshawytscha","0.988"
"1d1600728b2c24bacff401db7ce013ffc6c890e9","Oncorhynchus kisutch","0.988"
"1e6ee3380a8bf057d35ea70cf5fb90207726ecdb","Ceratoscopelus townsendi | Ceratoscopelus warmingii","1 | 0.994"
"cbc0bd2e436a6f16f464638dbe354cfc07004d11","Oncorhynchus tshawytscha","0.994"
"c3cd3ac603a039615837823cfd62d150fa6afa05","Oncorhynchus tshawytscha","0.988"
"0edce3bcd25c2f3bd2403231db5c47877402b077","Delphinus delphis | Globicephala melas | Lagenorhynchus albirostris | Orcinus orca | Stenella coeruleoalba","1 | 1 | 1 | 1 | 1"
"f0a3594cdfc52a89ba561a064761d053ed12663b","Undefined",""
"e9effe5c6e4864e10aa4323f07e717aab4903a09","Orcinus orca | Stenella attenuata | Stenella clymene | Stenella coeruleoalba | Stenella longirostris","0.994 | 0.994 | 0.994 | 0.994 | 0.994"
"6bd6f32447e324cdf909c901796e1b138c283939","Macropus giganteus","0.988"
"5e5dc412b2e5d45811c81843805f6c202765b2b1","Atheresthes evermanni | Atheresthes stomias","1 | 1"
"a3c37534c9c2a270e637ad9f83041e8ff3c4eb43","Enhydra lutris","1"
"6c77be0ab7dc80f6038b5e6f735865c79a900ce9","Oncorhynchus tshawytscha","0.988"
"9c6f0c5e8fbbfaf63c93c4421363a54ca50cd4bd","Undefined",""
"c517d36334571b350ff3e5651a8ee5d236df5543","Macropus giganteus","0.988"
"44674e6e7d20205573fb87a88d418292f424097a","Oncorhynchus tshawytscha","0.994"
"03c35cd2d88292138643530b13b70b85b0125a88","Taurocottus bergii","0.988"
"bbd988ffcb48aa5746b3cb3f18b6243ca3d1c7a6","Brachyistius frenatus","1"
"aadf4002ce87df70f0b9eb9e0e6e0dc120f36e3c","Stenella coeruleoalba | Lagenorhynchus albirostris","0.994 | 0.988"
"8fea6f2faf7d3f436c8507bd77aa9dbf32ad7a26","Macropus giganteus","0.988"
"a41cfdcb442c0c33864509b75a0ce5e1efd97888","Osphranter robustus","0.994"
"ada8b00de9ef530cd8a90308c060032586586d09","Oncorhynchus tshawytscha","0.988"
"33f414f04f67b77e2551443b860851b723139c9d","Thunnus alalunga","0.988"
"99229c06ed922da3ffe405401767dfe6bcf844a5","Somniosus spp.  ||  Somniosus microcephalus | Somniosus pacificus","1 | 1"
"4c02cb46d28425aa2171ead3455780affcb0e3d2","Icelinus spp.  ||  Icelinus filamentosus | Icelinus tenuis","1 | 1"
"a44e0f2c07f908c52e9f61773abab4ad723319cc","Osphranter rufus","0.988"
"851c469c0655d4592ee241159f1519e156477e00","Undefined",""
"8b3a044c8b5446a18f1fdd44ea960449e3c5cd7b","Phalacrocorax pelagicus","1"
"f07b8872105a01c3a5c59a381f070464febb66c7","Phoca vitulina","0.994"
"12fe0d61324261d319dc5f5774e5348d7a163ab3","Peprilus medius | Peprilus simillimus","1 | 1"
"0b1b4e6638c5642d0830e839e119412d160bcc3e","Nannobrachium regale","1"
"34c72e05fee9147682747865dcf4a874e8e6dc29","Atheresthes spp.  ||  Atheresthes evermanni | Atheresthes stomias","1 | 1"
"78b3cf7e5e18ec9a1310ac7b3bff84a153d2073c","Albatrossia pectoralis | Coryphaenoides altipinnis | Coryphaenoides acrolepis | Coryphaenoides longifilis","1 | 1 | 1"
"fc4c999c2696f3280db9277a1758183287ff844a","Brosmophycis marginata","1"
"083a3898f46e53c18f351bcb867377057a5fbf14","Undefined",""
"8209c93b9b2bb6793a53db2208664fca56af9d4d","Salmo trutta","0.963"
"937540b33976b2c778860d22b0cebea261e0ad2b","Bathyraja trachura","0.994"
"965526465ecba1f09b15c902ecc1cba8a14dc0fe","Undefined",""
"916d28329e9608bfd249c7af47e70e28c6d7c07d","Bathyraja trachura","1"
"8d1111b7ee4750f82979a1595c74e9dc2a7aef4c","Squalus acanthias","0.994"
"4a00703e5e80b395a9ccf7ee440fef919661362a","Pholis ornata","1"
"943ca6a371dade9e002a4fb59e3283cfbbb29a68","Eopsetta jordani","1"
"5c22cad2a6062dceb68168e9ed3f4e5728a2b115","Undefined",""
"b288a795920dc4659d6a9aa9c3c99e936f7a9e4c","Lagenorhynchus obliquidens | Orcinus orca","0.982 | 0.982"
"c50e6963e5241fb172b1dd5b7780ab38d2d9c41a","Peponocephala electra","1"
"fc27cd5967a40795a992fc4fc64b28f0a2fd94bf","Homo sapiens","1"
"7d9b68f80edfdac3bcc2082852839a51ee226097","Scorpaena guttata","1"
"6055605b9cbbf5182a9aa67c061e297766bbebcf","Undefined",""
"92be4911b5149610b0ef7f8cef507fb0fbe378dc","Undefined",""
"63473f90db74e7f04895e6f63eeb65e33811e82f","Undefined",""
"32131d2cf1e017a74336d98aa130391d95b5206e","Undefined",""
"61658af968e00d88b7b3b4e5624457d29b67f427","Undefined",""
"d7465bb97050cf8e77e80e2da5db6dbabe728ecf","Eumetopias jubatus","1"
"4e425a62a06a4bc75fd852e02437a475ccb755b0","Sebastes spp.  ||  Sebastes ciliatus | Sebastes crameri | Sebastes variabilis | Sebastes polyspinis | Sebastes reedi","1 | 1 | 1 | 1 | 1"
"5444f051ee83083ff82107815f9192a80820e21a","Diaphus theta","0.987"
"490c23cad74fb04bf2e6eae4f692baadfbb50f83","Icelinus borealis","1"
"50a34d6ac9c35bb526dacdc534195b016d004ec5","Brosmophycis marginata","1"
"6d5f0b702896f8e142e75cb7cd77b1dfbd9b114f","Glyptocephalus stelleri | Glyptocephalus zachirus | Myzopsetta proboscidea","1 | 1 | 1"
"6ab30870f8dbb86abfef07d7ee2394192e931f05","Lycodes cortezianus","1"
"da86e55cb2b03c4f47a877c184e63d907a48bc4e","Gallus gallus","1"
"b308045b3d144a657b672740bfa6ec0f5a0a889d","Notoscopelus resplendens","0.994"
"5fc5bb87af91e5b6e6b45d3319a9ccdd1faa8f58","Lampanyctus tenuiformis","1"
"45fdb114ff4f8cbc4ac53a322f3206d7bcd1d648","Genyonemus lineatus","1"
"3e8b5b5bbfad3868751efd812ca5e6c0ccb13fac","Bathyraja trachura","1"
"35a91375107e2dac9e69feceee93e8ffd45bae0a","Hippoglossina stomata","1"
"a998a3ef064afb94924d3fa6bb6c197a60476745","Apristurus brunneus","1"
