Hash,Sequence
57b8e6bb272d3b455e6af9bc845eab53580d2b01,CACCGCGGCTATACGAGAGACCCAAGTTGATACCATTCGGCGTAAAGAGTGGTTATGGAAAATAAAGACTAAAGCCGCACACCTTCAAAGCTGTTATACGCATCCGAAGGCTAGAAGACCAACCACGAAGGTAGCTTTACAACCCCTGACCCCACGAAAGCTCCGGCA
56b85a262e73a6e60ef0c6d33c4d23a70da33cc0,CACCGCGGCTATACGAGAGACCCAAGTTGATACCATTCGGCGTAAAGAGTGGTTATGGAAAATAAAGACTAAAGCCGCACACCTTCAAAGCTGTTATACGCATCCGAAGGCTAGAAGATCAACCACGAAGGTAGCTTTACAACCCCTGACCCCACGAAAGCTCTGGCA
2d069d6128ed64aa351b164d45bf7f6f5387f663,CACCGCGGTTATACGAGAGGCTCAAGTTGACAGACAACGGCGTAAAGAGTGGTTAAGGAAAACATTTAACTAAAGCGGAACCCCCTCATTGCTGTTATACGCTTCCGAGGGAATGAACCCCAACTACGAAGGTGGCTTTATATTAACCTGAACCCACGAAAGCTAAGGAA
d348c23013e4fa8ffe0fe3396d9f3451fe88db6b,CACCGCGGTTATACGAGCGGCCCAAGTTGATAAAAATCGGCGTAAAGCGTGGTTAAAAAAATGTTTAAACTAGAGCCGAATAGCCTCAAAGCAGTTATACGCACTCGAGGCCACGAAGTACAATTACAAAAGTAGCTCTACCCCACTTTGACTCCACGAAAACCATAAAA
eedc937a4c6868cf6c77409e1133bf9188d7d9fc,CACCGCGGTTATACGAGAGACCCTAGTTGATATACTCGGCGTAAAGAGTGGTTATGGAAAACAAGCACTAGAGCCAAAGAGCCCTCAGGCCGTTATACGCACCCGGGGCCTCGAACCACTATCACGAAAGTAGCTTTACCCTCGCCCACCAGAACCCACGAGAGCTGGGACA
2491ffcd22c019c38661946d58a65159025d397d,CACCGCGGTTATACGAGAGACCCTAGTTGATATACTCGGCGTAAAGAGTGGTTATGGAAAACAAGCACTAAAGCCAAAGAGCCCTCAGGCCGTTATACGCACCCGGGGCCTCGAACCACTATCACGAAAGTAGCTTTACCCTCGCCCACCAGAACCCACGAGAGCTGGGACA
fe8e01e1080eac0ddd3ab3b57d749d9de0ee1fab,CACCGCGGTTATACGAGAGGCCCAAGTTGACAACCACCGGCGTAAAGAGTGGTTATGGGAACACTATACTAAAGCCGAACACCCTCTAGGCTGTCATACGCACCTGAGGCTACGAAGCTCCCCCACGAAAGTGGCTTTATTCCTCCCTGAACCCACGACAGCTATGATA
72d93a313d0244edae1cc9229ebd2525ddaec2ed,CACCGCGGTTATACGAGCGGCCCAAGTTGATAAAAATCGGCGTAAAGCGTGGTTAAAAAATGTTTAAACTAGAGCCGAATAGCCTCAAAGCAGTTATACGCACTCGAGGCCACGAAGTACAATTACGAAAGTAGCTCTACCCCACTTTGACTCCACGAAAACCATAAAA
3a6a9122e22ef8cce1f5cb1d9da6fda8b3a157ef,CACCGCGGTTATACGAGAGGCTCAAGTTGATAGACAGCGGCGTAAAGAGTGGTTAGGAAAAACACAAACTAAAGTCGAACGCTTCCATAGCTGTTATACGCACCCGAAAATATGAAGCCCAACTACGAAAGTAACTTTAAAATACCTGAATCCACGAAAGCTAGGGAA
815465bf4218c40e60200ea518c5d7cbabd61f1c,CACCGCGGTTATACGAGAGACCCTAGTTGATTGAAGCGGCGTAAAGAGTGGTTATGGAGTTTTCCCCTTTAAAGCAGAAAACCTCTCAAACTGTTATACGCACCCAGAGGTTGAAATCCCTCACACGAAAGTGACTTTATATTCGCCTACCAGAACCCACGAAAGCTGGGACA
478dd98db3a0a5b681d314fcd6aa476db6e43489,CACCGCGGTTATACGAGTGGCCCAAGTTGAAAGTTACCGGCGTAAAGAGTGGTTAGGGAAATAATAAACTAAAGCCGAACACCCTCTAGGCTGTTATACGCTTCTGAGGGTACGAAGCCCCACTACGAAAGTGGCTTTAATACACCTGAACCCACGACAACTAAGATA
82d2ca5faea5bec0e9ddf893aea2b2399ae27e8f,CACCGCGGTTATACGAGAGGCCCTAGTTGATAACTACCGGCGTAAAGAGTGGTTATGGAAAATATTTAATAAAGCCGAACACCCCCTCAGCCGTCATACGCACCTGGGAGCACGAAGACCTACTGCGAAAGCAGCTTTAATTATGCCTGACCCCACGACAGCTAAGAAA
d35e32477ff076dab13bc2d5d6550ce21e069b19,CACCGCGGTTATACGATAGGCCCAAGTTGACAGACCCCGGCGTAAAGCGTGGTTAGGGAAAACTCAAAACTAAAGCCGAATATCTTCAGGGCAGTTATACGCTTCCGAAGACACGAAGCCCTTCCACGAAAGTGACTTTATTACCCCCGACCCCACGAAAGCTAGGACA
aa6ce908117326de02645020a33f408658c76d60,CACCGCGGCCATACCAGTGAGCCCAAGTGGATAGCCAACGGCGTAAAGCGTGGTTAAGGATCAACAACACTAAAGTAAAACCCCCTCAGAGCCGTAGTACGCCCCGACAGGGTGAAACCCCACCACGAAAGTGACTTTAAATTAACCTGAGCCCACGAAAGCTGAGAAA
2388a63c66eb39c03c474a4d0c9d7b0d99782629,CACCGCGGTTATACGAGGGACCCTAGTTGATTTAATCGGCGTAAAGAGTGGTTATGGAGAATAAGAAACTAAAGCCGAAGACCTCTTAGGCCGTCATACGTACCTAGAGGCTCGAATAACAAACACGAAAGTAGCTTTACCCCTTCCTGCCAGAACCCACGAGAGCTGGGATA
03ac9e716fe523c4c84442c146d5a142dbaec2b8,CACCGCGGTTATACGAGAGGCCCAAGTTGACAAACAACGGCGTAAAGAGTGGTTAGGGGATTTACTAAACTAGAGCCGAACGCTTTCAAAGCTGTTATACGCACCCGAAAGTATGAAACCCAATTACGAAAGTAGCTCTACTCATCCTGAACCCACGAAAGCTAAGAAA
d3a973efbba962488ffbf56a5faaec76ad1925a8,CACCGCGGTTATACGAGAGGCCCTAGTTGATTTAATCGGCGTAAAGAGTGGTTATGGAGAATAAGAAACTAAAGCCGAAGACCTCTTAGGCCGTCATACGTACCTAGAGGCTCGAATAACAAACACGAAAGTAGCTTTACCCCTTCCTGCCAGAACCCACGAGAGCTGGGATA
0a6c92d9fe241c8faf9ee4360b985f2d04dc565e,CACCGCGGTTATACGAGAGGCCCAAGTTGACAAACAACGGCGTAAAGAGTGGTTAGGGGATTTACTAAACTAGAGCCGAACGCTTTCAAAGCTGTTATACGCATCCGAAAGTATGAAACCCAATTACGAAAGTAGCTCTACACATCCTGAACCCACGAAAGCTAAGAAA
a637bf43d5e132d153855d8251665d935ea12a0b,CACCGCGGTTATACGAGAGGCCCAAGTAGATAGACACCGGCGTAAAGAGTGGTTAAGTTAAAACTCACACTAAAGCCAAACATCTTCAAGACTGTTATACGTAACCGAAGACCGGAAGTTCAACCACGAAAGTGGCTTTATTTGATCTGAACCCACGAAAGCTACGGCA
42bfc6303f5db0be106ce97e8a0f9f0454bf9218,CACCGCGGTTATACGAGAGGCCCAAGTTGAAAGACATCGGCGTAAAGAGTGGTTAAGTAAAAACTAAACTAAAGTCGAACATCTTCAAGGCTGTTATACGCATCCGAAGACAAGAAGTTCAACCACGAAGGTGACTTTATTCGTACTGAACCCACGAAAGCTAGGACA
b937d570b6ecf373a7b14d507d17a1f602facd8d,CACCGCGGCTATACGAGAGACCCAAGTTGATACCATTCGGCGTAAAGAGTGGTTATGGAAAATAAAGACTAAAGCCGCACACCTTCAAAGCTGTTATACGCATCCGAAGGTTAGAAGATCAACCACGAAGGTAGCTTTACAACCCCTGACCCCACGAAAGCTCTGGCA
827d5caf615fdf6a715adac8bb9e170b8cfc0234,CACCGCGGCTATACGAGAGACCCAAGTTGATACCATTCGGCGTAAAGAGTGGTTATGGAAAATAAAGACTAAAGCCGCACACCTTCAAAGCTGTTATACGCATCCGAAGACTAGAAGACCAACCACGAAGGTAGCTTTACAACCCCTGACCCCACGAAAGCTCCGGCA
5d8982317960a2808a7079bed9c48153c37ae8a8,CACCGCGGCTATACGAGAGACCCAAGTTGATACCATTCGGCGTAAAGAGTGGTTATGGAAAATAAAAACTAAAGCCGCACACCTTCAAAGCTGTTATACGCATCCGAAGGCTAGAAGACCAACCACGAAGGTAGCTTTACAACCCCTGACCCCACGAAAGCTCCGGCA
98f92aa12195301ebbd47287eb23c45cffe10ffa,CACCGCGGTTATACGAGAGGCCCTAGTTGATAACTACCGGCGTAAAGAGTGGTTATGGAAAAATATTTAATAAAGCCGAACACCCCCTCAGCCGTCATACGCACCTGGGGGCACGAAGACCTACTGCGAAAGCAGCTTTAATTACACCTGACCCCACGACAGCTAAGAAA
a210a55551b22693281313c8207fa9ce914b2340,CACCGCGGTCATACGATTGACCCAAATTAATAGGAACACGGCGTAAAGAGTGTTAAGGAGCCACATAAAATAAAGTCAAACCTTAATTAAGCTGTAAAAAGCCCTAATTAAAATTAAGCCAAACTACGAAAGTGACTTTAACATAACCTGATCACACGACAGCTAAGACC
15903b34a9ddf3e5fac7751a3fb4553cba9c950a,CACCGCGGCTATACGAGAGACCCAAGTTGATACCATTCGGCGTAAAGAGTGGTTATGGAAGATAAAGACTAAAGCCGCACACCTTCAAAGCTGTTATACGCATCCGAAGGCTAGAAGATCAACCACGAAAGTAGCTTTACAACCCCTGACCCCACGAAAGCTCTGGCA
1ef902abb4df1796add402e489ca9483863eabf5,CACCGCGGTTATACGAGAGGCCCAAGTTGACAAACACCGGCGTAAAGCGTGGTTAAGCTAACACTCATACTAAAGCCAAACACCTTCAAAGCTGTTATACGCAACCGAAGGCAGGAAGTTCAACCACGAAAGTGGCTTTAATTTGACCTGACTCCACGAAAGCTAAGGAA
e5cd6e21743a3622ab0fd8072d6f67b5dd2961b6,CACCGCGGTTATACGAGAGGCCCTAGTTGATATACTCGGCGTAAAGAGTGGTTATGGAAAACAAGCACTAAAGCCAAAGAGCCCTCAGGCCGTTATACGCACCCGGGGCCTCGAACCACTATCACGAAAGTAGCTTTACCCTCGCCCACCAGAACCCACGAGAGCTGGGACA
e605f34aa97f3133bd37018d290ae19b4c567d18,CACCGCGGTCATACGATTAACCCAAATTAATAGAAACACGGCGTAAAGAGTGTTAAGGAGTCTCATAGAATAAAGTCAAACCTTAATTAAGCTGTAAAAAGCCATAATTAAAATTAAGCCAAACTACGAAAGTGACTTTAATATGATCTGATCACACGACAGCTAAGATC
6550b5b6e2d8946269402c743a11baeffe8ce624,CACCGCGGTTATACGAGAGGCCCAAGTTGACAAACAACGGCGTAAAGAGTGGTTAGGGGATTTAATAAACTAGAGCCGAACGCTTTCAAAGCTGTTATACGCACCCGAAAGTATGAAACCCAATTACGAAAGTAGCTCTACCTATCCTGAACCCACGAAAGCTAAGGAA
6c49506da20cc547068ee28d02b3031d23916380,CACCGCGGTCAAACGAGTGTGCCCAAGTGGACAATCTACGGCGTAAGCGTGGTTAGGGAAACCCCACAACTAAAGTAGAACTAGCTCCGGGCTGTGATACGCACCCGACACTGTGAAACCTCACCACGAAAGTGACTTTAACAACACCTGAACCCACGAAAGCTGGGGAA
92e367352aeed8b876b13ae8130c0716d155ca1d,CACCGCGGTTATACGAGAGGCCCAAGTTGACAAACAACGGCGTAAAGAGTGGTTAGGGGATTTACTAAACTAGAGCTGAACGCTTTCAAAGCTGTTATACGCACCCGAAAGTATGAAACCCAATTACGAAAGTAGCTCTACCTGTCCTGAACCCACGAAAGCTAAGGAA
b2220b6b1670d495c936dd53008e7ca257b5d6bc,CACCGCGGTCATACGAGTGTTAGCCCAAGCAGATGGTCAACGGCGTAAAGAGTGGTTAGGGAACCCTGAAACTAAAGCTGAACGCCCGCAGGGCCGTTATACGCATCCGACAGCATGAAACCCCACCACGAAAGTGGCTTTAACCTGACCCGAACCCACGACAGCTAAGACA
98f2eee5cc4142147dc10600148935080b4c2653,CACCGCGGTCATACGATCGACCCAAATTAATAGAAGCACGGCGTAAAGAGTGTTAAGGAGCCACATGGAATAAAGTCAAACCTTAATTAAGCTGTAAAAAGCCCTAATTAAAATTAAGCCAAACTACGAAAGTGACTTTAATATAATCTGATCACACGACAGCTAAGATC
d4ca26114dbce161f7c47f2ecbbe4dcbd5763c74,CACCGCGGTTATACGAGAGGCCCAAGTTGATAGACACCGGCGTAAAGAGTGGTTAAGTTAGAACTCATACTAAAGCCAAACATCTTCAAGGCTGTTATACGCAACCGAAGGTAGGAAGTTCGACCACGAAAGTGGCTTTATGTAAGCTGAATCCACGAAAGCTAAGGAA
d8ce921b87ee2a3603e306e0c556b24194c9d7c6,CACCGCGGTCATACGATTGACCCAAATTAATAGAAACACGGCGTAAAGAGTGTTAAGGAACTACATAAAATTAAAGTCAAATCTTAATTAAGCTGTAAAAAGCCCTAATTAAAATTAAGCCAAACTACGAAAGTGACTTTAGTATAATCCGATCACACGACAGCTAAGACC
5f9bf7628a8d1c63f6d96c4bcc28f91e3a87d438,CACCGCGGTTATACGAGAGGCCCAAGTTGATAGACACCGGCGTAAAGAGTGGTTAAGTTAAAACTCATACTAAAGCCAAACATCTTCAAGGCTGTTATACGCAACCGAAGGTAGGAAGTTCGACCACGAAAGTGGCTTTATGTAAGCTGAATCCACGAAAGCTAAGGAA
d650636c8a189abb9d160f6d437ae83ad30bf181,CACCGCGGTTATACGAGGGACCCTAGTTGATTTAATCGGCGTAAAGAGTGGTTATGGAGAATAAGAAACTAAAGCCGAAGACCTCTTAGGCCGTCATACGTACCTAGAGGCTCGAATAACAAACACGAAAGTAGCTTTACCCCTTCCTGCCAGAACCCACGAAAGCTGGGATA
064635c816e4f971241aa20967c87103cc966a26,CACCGCGGTTATACGAGAGGCCCAAGTTGATAGCCACCGGCGTAAAGCGTGGTTAAGTTAAAACTCATACTAAAGTCAAACATCTTCAAGACTGTTATACGTAACCGAAGATAGGAAGTCCAACCACGAAAGTGATTTTACTTGATCTGAACCCACGAAAGCTAAGGAA
869bfd54e01e5060039f3e34a3aa817b73151dd1,CACCGCGGTTAGACGAGAGGCCTAAGTTGATAGCCACCGGCGTAAAGAGTGGTTAGGGATAAAATGAAAACTAAAGCCGAATATCCCCACAGCTGTTATACGCACCCGAAGATAAGAAGCCCCTACGAAAGTAGCTTTAATCCACCCGACTCCACGAAAGCTGTGAAA
731f68d33fe001c6f1144ddd87449b2986f03e71,CACCGCGGTTATACGAGAGACCCTAGTTGATATACTCGGCGTAAAGAGTGGTTATGGAAAACAAGCACTAAAGCCAAAGAGCCCTCAGGCCGTTATACGCACCCGGGGCCTCGAACCACTGTCACGAAAGTAGCTTTACCCTCGCCCACCAGAACCCACGAGAGCTGGGACA
bb81f5f8792041fd9d67b58135ff2b68f51eefad,CACCGCGGTTATACGAGAGGCCCAAGTTGACAGACACCGGCGTAAAGCGTGGTTAAGTTTAAACGCACACTAAAGCCGAACATCCTCAAGGCTGTTATACGCACCCGAAGATAAGAAGTTCAACCACGAAGGTGGCTTTATTTAATCTGAACCCACGAAAGCTACGGCA
943ca6a371dade9e002a4fb59e3283cfbbb29a68,CACCGCGGTTATACGAGAGGCCCAAGTTGACAAACAACGGCGTAAAGAGTGGTTAGGGACTTATTAAACTAGAGCCGAACGCTTTCAGAGCTGTTATACGCACCCGAAAGTATGAAACCCAATCACGAAAGTAGCTCTACTCACCCTGAACCCACGAAAGCTAGGAAA
5a410d1fde05dbeb2c71dca738549a9f69b1f869,CACCGCGGTCATACGATTGACCCAAATTAATAAACACCCGGCGTAAAGAGTGTCAAGGAACAATATAAAAATAAAGTCAAACCTTAATTAAGCTGTAAAAAGCCATAATTAAAATTAAGTTAAACTACGAAAGTAACTTTACCATAAACCGAATACACGATAACTAAGACC
fc4c999c2696f3280db9277a1758183287ff844a,CACCGCGGTTATACGAGAGACCCAAGTTGATAACTCCCGGCGTAAAGCGTGGTTAAGGAAACCTCAAACTAAAGTCGAACACTCTCAAAGCTGTTATACGCACATCGAGAACATGAAGAACTACCACAAAAGTGACTTTAAGCCCACCCCGAACCCACGAAAGCTAAGATA
1e2c6964d7d7aa5b5b0328a3f2a58c65ab9ab423,CACCGCGGTTATACGAGAGGCCCTAGTTGATAACTACCGGCGTAAAGAGTGGCTATGGAAAATATTTAATAAAGCCGAACACCCCCTCAGCCGTCATACGCACCTGGGAGCACGAAGACCTACTGCGAAAGCAGCTTTAATTATGCCTGACCCCACGACAGCTAAGAAA
92dd52e93c5eb19d5760858181ba1a2b65d48d2e,CACCGCGGTTATACGAGAGACCCTAGTTGATATACTCGGCGTAAAGAGTGGTTATGGAGAACAAGCACTAAAGCCAAAGAGCCCTCAGGCCGTTATACGCACCCGGGGCCTCGAACCACTATCACGAAAGTAGCTTTACCCTCGCCCACCAGAACCCACGAGAGCTGGGACA
e105a98286806fab56828ed516017c4661c2402a,CACCGCGGTCATACGATTGACCCAAGCTAATAGGCATACGGCGTAAGGAGTGTTAAAGAGTTATACAAAATAAAGTCAAGCCTTGACTAAACCGTAAAAAGCCATAGTTAAAATTAAGCTAAACCACGAAAGTGACTTTAATACAATCTACTGCACGACAACTAAGACC
34c72e05fee9147682747865dcf4a874e8e6dc29,CACCGCGGTTATACGAGAGGCCCAAGTTGACAGAAAGCGGCGTAAAGAGTGGTTAAGGAATATCAAAAAAACTAGAGCAGAACGCTTTCAGAGCAGTTATACGCATCCGAAAGTATGAAACCCAATTACGAAAGTAGCTTTATTTCCCCTGAACCCACGAAAGCTAAGAAA
26914529b25aacc031240221e87052da21793c6f,CACCGCGGTCATACGATTGACCCAAGTTAATAGACACCCGGCGTAAAGAGTGTCGAGGAGTAACATAAAATAAAGTCAAATCTTAGTTAAGCTGTAAAAAGCCATAACTAAGCCTAAGCTAAACCACGAAAGTAACTTTATCACAAACCGAGTACACGACAACTAAGACC
5fb4e37154e6876ceacd6a6d488ed8b77125be2b,CGCCGCGGTTATACGAGCGACCCAAATTAATGAGATAACGGCGTAAAGAGTGTATAAGAAAAACCTTGTACTTATTAAAGTTAAAATGGTGCTTAACTGTTATACGTACCCGCACAAATGAAAAACAATTAAAAAAGAAACTTTATAAAAACAAGGCCTCTGAAAACACGATAGCTAAAAAA
209def5f38e850b2b6a81285777a00d81c85b8ed,CACCGCGGTTATACGAGAGACCCTAGTTGATATACTCGGCGTAAAGAGTGGTTATGGAAAACAAGCACTAAAGCCAAAGAGCCCTCAGGCCGTTATACGCACCCGGGGCCTCGAACCACTATCACGAAAGTAGCTTTACCCTCACCCACCAGAACCCACGAGAGCTGGGACA
2c0ecd2087b03e283b66c488815ba17791f487f5,CACCGCGGTCATACGATTGACCCAAATTAATAGAAATACGGCGTAAAGAGTGTTAAAGAATAGTACAAAATAAAGTTAAACCTTAATTAAGCTGTAAAAAGCCATAATTAAAACTAAACTAAACCACGAAAGTGACTTTAGTATGATCTGACTACACGATAACTAAGATC
0e12642fefcde39dbabaf4d5e6faef6ab8f4e8e0,CACCGCGGTTATACGAGAGACCCAAGTTGATAGCCACCGGCGTAAAGCGTGGTTAAGTTAAAACTCATACTAAAGTCAAACATCTTCAAGACTGTTATACGTAACCGAAGATAGGAAGTCCAACCACGAAAGTGATTTTACTTGATCTGAACCCACGAAAGCTAAGGAA
4b8ebe8d0682aa518a1a96d150741e6ded710b73,CACCGCGGCTATACGAGAGACCCAAGTTGATACCATTCGGCGTAAAGAGTGGTTATGGAAAACAAAGACTAAAGCCGCACACCTTCAAAGCTGTTATACGCACCCGAAGGCTAGAAGATCAACCACGAAGGTAGCTTTACAACCCCTGACCCCACGAAAGCTCTGGCA
6ab30870f8dbb86abfef07d7ee2394192e931f05,CACCGCGGTTATACGAGAGGCCCAAGTTGAAAGACCCCGGCGTAAAGAGTGGTTAAGCTAGAATTTATATTAAAGCCGAACACCCTCACGGCTGTTATACGCACCCGAAGATAAGAAGCTCAACCACGAAGGTGGCTTTATAAGTCTGAACCCACGAAAGCTACGGCA
aabaacb514c28f7a8f1ea297cb676935daba8092,CACCGCGGTCAAACGAGCTAGTGCCCGAGCAGATAACTAACGGCGTAAAGAGTGGTTAGGGAAACCCAAAACTAAAGCTGAACGCCCGCAGGGCTGTGATACGCATCCGACGGTACGAAACCCCACCACGAAAGTGACTTTAACCAACCCGAACCCACGATAGCCAGGATA
4e425a62a06a4bc75fd852e02437a475ccb755b0,CACCGCGGCTATACGAGAGACCCAAGTTGATACCATTCGGCGTAAAGAGTGGTTATGGAAAATAGAGACTAAAGCCGCACACCTTCAAAGCTGTTATACGCATCCGAAGGCTAGAAGATCAACCACGAAGGTAGCTTTACAACCCCTGACCCCACGAAAGCTCTGGCA
1f3935eac61189f961a5c47bb0e85272c0b96b3f,CGCCGCGGTTATACGAGGGGCCCAAGTTGAAAGATACTGGCGTAAGATGTGGCTAAGTAAAAATTTAAACTAAAGTTAAACATCTTCAACACTGTTATACGTGCCCGAAGAGAGGAATCCCAACCACGAAAGTGACTTTATACCAGCTGAACCCACGAAAGCTAAGACA
40ed8ec1cea082f53b1a1d837464b361212aadd4,CACCGCGGTTATACGAGAGGCTCAAGTTGACAGACAACGGCCTAAAGAGTGGTTAAGGAAAACATTTAACTAAAGCGGAACCCCCTCATTGCTGTTATACGCTTCCGAGGGAATGAACCCCAACTACGAAGGTGGCTTTATATTAACCTGAACCCACGAAAGCTAAGGAA
7a0c242fa219441720f0e2f4293e0c5bf96714b2,CACCGCGGTTATACGAGAGGCCCAAGTTGAAAGACCACGGCGTAAAGAGTGGTTAAGTTAAAATTTACACTAAAGCCGAACATCCTCACGGCTGTTATACGCACCCGAAGATAAGAAGTTCAACCACGAAGGTGGCTTTATTTAATCTGAACCCACGAAAGCTACGGCA
117aa1ba49002b52ad5da2e009ea52e5e60d6168,CACCGCGGTTATACGAGAGGCCCAAGTTGATAGCCACCGGCGTAAAGCGTGGTTAAGTTAAAACTCATACTAAAATCAAACATCTTCAAGACTGTTATACGTAACCGAAGATAGGAAGTCCAACCACGAAAGTGATTTTACTTGATCTGAACCCACGAAAGCTAAGGAA
93b30f4c24dd8a54403d779ed98cfd124dce551f,CACCGCGGTTATACGAGAGGCTCAAGTTAACAGACAACGGCGTAAAGAGTGGTTAAGGAAAACATTTAACTAAAGCGGAACCCCCTCATTGCTGTTATACGCTTCCGAGGGAATGAACCCCAACTACGAAGGTGGCTTTATATTAACCTGAACCCACGAAAGCTAAGGAA
691062632d577631f39edfe5fd79063287da5c5e,CACCGCGGTTATACGAGAGGCCCTAGTTGATTTAATCGGCGTAAAGAGTGGTTATGGAGAATAAGAAACTAAAGCCGAAGACCTCTTAGGCCGTCATACGTACCTAGAGGCTCGAATAACGAACACGAAAGTAGCTTTACCCCTTCCTGCCAGAACCCACGAGAGCTGGGATA
0e64c7b35511ccfa69754b18723b89b3d18c4e6f,CACCGCGGTTATACGAGAGACCCTAGTTGATATACTCGGCGTAAAGAGTGGTTATGGAAAACAAGCGCTAAAGCCAAAGAGCCCTCAGGCCGTTATACGCACCCGGGGCCTCGAACCACTATCACGAAAGTAGCTTTACCCTCGCCCACCAGAACCCACGAGAGCTGGGACA
fc512b5d1328b1f2332b39b9d932afc4f57ccf9a,CACCGCGGTTATACGAGAGGCCCAAGTTGACAAACACCGGCGTAAAGCGTGGTTAAGCCAATACTCATACTAAAGCCAAACACCTTCAAAGCTGTTATACGCAACCGAAGGTAGGAAGTTCAACCACGAAAGTGGCTTTAATTTGACCTGAGTCCACGAAAGCTAAGGAA
56b2769e5e1b243156f4db29981ce5126d80e2c3,CACCGCGGTTATACGAGAGACCCTAGTTGATATACTCGGCGTAAAGAGTGGTTATGGAAAACAAGCACTAAAGCCAAAGAGCCCTCAGGCCGTTATACGCACCCGGGGCCTCGAACCCCTATCACGAAAGTAGCTTTACCCTCGCCCACCAGAACCCACGAGAGCTGGGACA
2bdd00eb36dda2a44b1c83ef594d52e78479b9aa,CACCGCGGTTATACGAGCGGCCCAAGTTGATAAAAATCGGCGTAAAGCGTGGTTAAAAAATGTTTAAACTAGAGCCGAATAGCCTCAAAGCAGTTATACGCACTCGAGACCACGAAGTACAATTACGAAAGTAGCTCTACCCCACTTTGACTCCACGAAAACCATAAAA
ef6cede479f79d3fc46a42bacef3bb2430bab804,CACCGCGGTTATACGAGAGACCCTAGTTGATATACTCGGCGTAAAGAGTGGTTATGGAAAACAAGCACTAAAGCCAAAGAGCCCTCAGGCCGTTATACGCACCCGGGGCCTCGAACCACTATCACGAAAGTAGCTTTACCCTCGCCCACCAGAATCCACGAGAGCTGGGACA
7e4392f62e0959de26da328f4f1d57fc2faf5202,CACCGCGGTCATACGATTGACCCGAATTAATAGAAATACGGCGTAAAGAGTGTTAAAGAATTATGTAAAATAAAGTTAAATCTTAATTAAGCTGTAGAAAGCCATAATTAAAACTAAACTAAACCACGAAAGTGACTTTAATCTAATCTGATTACACGACAGCTAAGATC
ddb4f59d54c6785cf6c5e1e62e7cfe45af55900f,CACCGCGGCTATACGAGAGACCCAAGTTGATACCATTCGGCGTAAAGAGTGGTTACGGAAAATAAAAACTAAAGCCGCACACCTTCAAAGCTGTTATACGCATCCGAAGGCTAGAAGACCAACCACGAAGGTAGCTTTACAACCCCTGACCCCACGAAAGCTCCGGCA
432bde58ec0ddeb782a0a1d172efdf57eba9c9a3,CACCGCGGCTATACGAGAGACCCAAGTTGATACCATTCGGCGTAAAGAGTGGTTATGGAAAATAAAGACTAAAGCCGCACACCTTCAAAGCTGTTATACGCATCCGAAGGTTAGAAGATCAACCACGAAGGTAGCTTTACAACCCCTGACCCCACGAAAGCTCTAGCA
fe76cd3131a1813236d59e0dc01ec9ea485ef020,CACCGCGGTCATACGATTGACCCGAATTAATAGACACCCGGCGTAAAGAGTGTCAAGGAACAATATAAAAATAAAGTCAAACCTTAATTAAGCTGTAAAAAGCCATAATTAAAATTAAGTTAAACTACGAAAGTAACTTTACCATAAACTGAGTACACGACAACTAAGACC
0fd35dee0fbf52305a283bdbd9500b119a1c85f5,CACCGCGGTTATACGAGAGACCCTAGTTGATATACTCGGCGTAAAGAGTGGTTATGGAAAACAAGCACTAAAGCCAAAGAGCCCTCAGGCCGTTATACGCACCCGGGGCCTCGAACCACTATTACGAAAGTAGCTTTACCCTCGCCCACCAGAACCCACGAGAGCTGGGACA
0e972baa35afb59a4d257c84963b2cabc2f4b08a,CACCGCGGTTATACGAGCGGCCCAAGTTGATAAAAATCGGCGTAAAGCGTGGTTAAAAAATGTTTAAACTAGAGCCGAATAGCCTCAAAGCAGTTATACGCACTCGAGGCCACGAAGTACAATTACGAAAGTAGCTCTACCCCACTTTGACTCCACGAAAACATAAAA
d2d9f1847025c71ebd60dc7714b964bf5387ca81,CACCGCGGTCATACGATTGACCCGAATTAATAGACATCCGGCGTAAAGAGTGTCAAGGAGTAGCATAAAATAAAGTCAAATCTTAGTTAAGCTGTAAAAAGCCGTAACTAAGCCTAAGCTAAACCACGAAGGTAACTTTATCACAAACCGAGTACACGACAACTAAGACC
b48bd0d0e1cb0963c256467984424a1e46f324ea,CACCGCGGTTATACGAGAGGCTCAAGTTGACAGACAACGGCGTAAAGAGTGGTTAAGGAAAACATTTAACTAAAGCGGAACCCCCTCATTGCTGTTATACGCTTCCGAGGGGATGAACCCCAACTACGAAGGTGGCTTTATATTAACCTGAACCCACGAAAGCTAAGGAA
884e62a14e3ca66ec3aa8ca2a52ccc84c66a2047,CACCGCGGTTATACGAGAGACCCAAGTTGATAGCCACCGGCGTAAAGCGTGGTTAAGTTAAAACTCATACTAAAGTCAAACATCTTCAAGACTGTTATACGTAACCGAAGATAGGAAGTCCAACCACGAAAGTGACTTTACTTGATCTGAACCCACGAAAGCTAAGGGA
f898bbb7b63dd2392c06b3abe6dea68ca4344203,CACCGCGGTTATACGAGCGGCCCAAGTTGATAAAAATCGGCGTAAAGCGTGGTTAAAAAAATGCTTAAACTAGAGCCGAATAGCCTCAAAGCAGTTATACGCACTCGAGGCCACGAAGTACAATTACAAAAGTAGCTCTACCCCACTTTGACTCCACGAAAACCATAAAA
4c02cb46d28425aa2171ead3455780affcb0e3d2,CACCGCGGTTATACGAGAGGCCCAAGTTGACAAACACCGGCGTAAAGCGTGGTTAAGTTAATTCTCATACTAAAGCCAAACACCTTCAAAGCTGTTATACGCAACCGAAGGCAGGAAGTTCAACCACGAAAGTGGCTTTAATTTGATCTGAACCCACGAAAGCTAAGGAA
0403cd2586405833bf739cabd48609a8e7254635,CACCGCGGTTATACGAGAGGCTCAAGTTGACAGACAACGGCGTAAAGAGTGGTTAAGGAAAACATTTAACTAAAGCGGAACCCCCTCATTGCTGTTATACGCTTCCGAGGGAATGAACCCCAACTACGAAGGTGGCTTTATATTAACCTGAGCCCACGAAAGCTAAGGAA
26239fd081ff9af84e3e48b1f3f51f25eb991caa,CACCGCGGTTATACGAGAGGCCCAAGTTGACAAACAACGGCGTAAAGAGTGGTTAGGGGATTTACTAAACTAGAGCCGAACGCTTTCAAAGCTGTTATACGCATCCGAAAGTATGAAACCCAATTACGAAAGTAGCTCTACACAGCCTGAACCCACGAAAGCTAAGAAA
2ebf655a11a4e74a7b7c7a21fce09e6d376541cd,CACCGCGGTTATACGAGAGGCCCAAGTTGACAAACAACGGCGTAAAGAGTGGTTAGGGACTTATTAAACTAGAGCCGAACGCTTTCAGAGCTGTTATACGCACCCGAAAGTATGAAACCCAATCACGAAAGTAGCTCTACTCATCCTGAACCCACGAAAGCTAGGAAA
d81e895d214b010edfa6a673e140f90edb104865,CACCGCGGTTATACGAGAGGCCCAAGTTGAAAGACATCGGCGTAAAGAGTGGTTAAGTTAAAATTTAGACTAAAGCCGAACATCCTCAAGGCTGTTATACGCACCCGAAGATAAGAAGTTCAACCACGAAGGTGGCTTTACTTGATCTGAACCCACGAAAGCTATGGCA
f2ba656b8b1e6ff90e22b45f36fc6772c3952d4a,CACCGCGGTTATACGAGAGACCCCAGTTGATATACTCGGCGTAAAGAGTGGTTATGGAAAACAAGCACTAAAGCCAAAGAGCCCTCAGGCCGTTATACGCACCCGGGGCCTCGAACCACTATCACGAAAGTAGCTTTACCCTCGCCCACCAGAACCCACGAGAGCTGGGACA
dda1bc4c8f0cd2ce6bcdaae02563d3186a2ab920,CACCGCGGCTATACGAGAGGCCCAAGTTGATACCATTCGGCGTAAAGAGTGGTTATGGAAAATAAAGACTAAAGCCGCACACCTTCAAAGCTGTTATACGCATCCGAAGGCTAGAAGATCAACCACGAAGGTAGCTTTACAACCCCTGACCCCACGAAAGCTCTGGCA
cb68cebc04349daa0a6c1c7e57c328ce5d0e4b51,CACCGCGGTTATACGAGAGGCTCAAGTTGATAGACAGCGGCGTAAAGAGTGGTTAGGGAAAACACAAACTAAAGTCGAACGCTTCCATAGCTGTTATACGCACCCGAAAATATGAAGCCCAACTACGAAAGTAACTTTAAAATACCTGAATCCACGAAAGCTAGGGAA
e4d58eaddab0b4990385f6d9477687b318d3ff2b,CACCGCGGTTATACGAGAGGCCCAAGTTGAAAGACCCCGGCGTAAAGAGTGGTTAAGCTAGTTTTTATATTAAAGCCGAACACCCTCACGGCTGTTATACGCACCCGAAGATAAGAAGCTCAACCACGAAGGTGGCTTTATATGCCTGAACCCACGAAAGCTACGGCA
4590e896f059be5983879bb6e84286e33fa15e40,CACCGCGGTTATACGAGTAACTCACATTAATACTTCCCGGCGTAAAGAGTGATTTAAGAAGTATCTAACAGTAATTAAAGTTAAGACCTTATCAAGCTGTCACACGCACCCATAAACGGAATTATCAACAACGAAAGTGACTTTATCTCACTAGAAATCTTGATGTCACGACAGTTAGACCC
a31db6f13114f81acae0e8ac2001a9f41a47c9fc,CACCGCGGTTATACGAGAGGCCCTAGTTGATTTAATCGGCGTAAAGAGTGGTTATGGAGAATAAGAAACTAAAGCCGAAGACCTCTTAGGCCGTCATACGTACCTAGAGGCTCGAATAACAAACACGAAAGTAGCTTTACCCCTTCCTGCCAGAGCCCACGAGAGCTGGGATA
9e3091d91cb430d53c247201bf5a8266b67de7a1,CACCGCGGTTATACGAGAGGCCCAAGTTGACAAACAACGGCGTAAAGAGTGGTTAGGGAACTTACTAAACTAGAGCCGAACGCTTTCAAAGCTGTTATACGCACCCGAAAGTATGAAACCCAATTACGAAAGTAGCTCTACCTGTCCTGAACCCACGAAAGCTAAGAAA
68199e2f8a44d3692f34ecb231f33ebeb91b326c,CACCGCGGTTATACGAGAGGCCCTAGTTGATTTAATCGGCGTAAAGAGTGGTTATGGAGAATAAGAAACTAAAGCCGAAGACCTCTTAGACCGTCATACGTACCTAGAGGCTCGAATAACAAACACGAAAGTAGCTTTACCCCTTCCTGCCAGAACCCACGAGAGCTGGGATA
227ce2b9ce020c3e503b1c33d3329a3d76cf8b73,TACCGCGGTTATACGAAAAGCCCTAGCTAATAGGCCCCGGCACAAAGGGTGGTTAGAGAATATGCACATAAAGCCAAACTTTCCCCCAGCTGTGGTACGCAGCCTAAAAGCAAAGACCCCAACGAAAGTAACTTTATCCGGCCTGAAGCCACAAAAGCTTGGACA
9e1b9d326f9a6b9611b24b322c3b0dc76cde5b8b,CACCGCGGCTATACGAGAGACCCAAGTTGATACCATTCGGCGTAAAGAGTGGTTACGGAAAATAAAGACTAAAGCCGCACACCTTCAAAGCTGTTATACGCATCCGAAGGCTAGAAGATCAACCACGAAGGTAGCTTTACAACCCCTGACCCCACGAAAGCTCTGGCA
c2c6b9dfcb49da1bf0efbc81f3c1fd1edce7d87a,CACCGCGGTTATACGAGGGGCCCTAGTTGATTTAATCGGCGTAAAGAGTGGTTATGGAGAATAAGAAACTAAAGCCGAAGACCTCTTAGGCCGTCATACGTACCTAGAGGCTCGAATAACAAACACGAAAGTAGCTTTACCCCTTCCTGCCAGAACCCACGAGAGCTGGGATA
10e44fa0e925a4099c04661edda137a6e81337ed,CACCGCGGTTATACGAGGGACCCTAGTTGATTTAATCGGCGTAAAGAGTGGTTATGGAGAATAAGAAACTAGAGCCGAAGACCTCTTAGGCCGTCATACGTACCTAGAGGCTCGAATAACAAACACGAAAGTAGCTTTACCCCTTCCTGCCAGAACCCACGAGAGCTGGGATA
bfb9693c4fc9fc2949fb5f5da56759659e046cdd,CACCGCGGTTATACGAGAGACCCTAGTTGATATACTCGGCGTAAAGAGTGGTTATGGAAAACAAGCACTAAAGCCAAAGAGCCCTCAGGCCGTTATACGCACCCGGGGCCTCGAACCACTATCACGAAAGTAGCTTTACCCTCGCCCACCAGAACCCACGAAAGCTGGGACA
9f02eab3a74e26e70a0e82fb4e7834f16b897a88,CACCGCGGTTATACGAGAGGCCCTAGTTGATAACTACCGGCGTAAAGAGTGGTTATGGAAAAATATTTAATAAAGCCGAACACCCCCTAAGCCGTCATACGCACCTGGGGGCACGAAGACCTACTGCGAAAGCAGCTTTAATTACACCTGACCCCACGACAGCTAAGAAA
d9b449b3e8c1d316c406966dd2d4b9edd92cc066,CACCGCGGTTATACGAGCGGCCCAAGTTGATAAAAATCGGCGTAAAGCGTGGTTAAAAAATGTTTAAACTAGAGCCGAATAGCCTCAAAGCAGTTATACGCACTCGAAGCCACGAAGTACAATTACGAAAGTAGCTCTACCCCACTTTGACTCCACGAAAACCATAAAA
6345143bb746ac8143ce55beeb9b6b021d3dbe62,CACCGCGGTTATACGAGAGGCCCAAGTTGAAAGACATCGGCGTAAAGAGTGGTTAAGTTAAAATTTATACTAAAGCCGAACATCCTCAAGGCTGTTATACGCACCCGAAGATAAGAAGTTCAACCACGAAAGTGGCTTTATTTAAGCTGAACCCACGAAAGCTACGGCA
7aa8bfe6f38e6cfd0f4fa31e25ccd1e49ce9fe29,CACCGCGGTTATACGAGAGGCCCAAATTGAAAGACACCGGCGTAAAGCGTGGTTAAATTAAAATTAAACTAAAGTTAAATATCTTTAAGGCTGTCATACGTGCCCAAAGACCGGAACTTCAATCACGAAAGTAACTTTATATAAACTGAACCCACAAAAGCTATGACC
945dc4b0443b9f20c0a3ef425f1a83a89bf1cad1,CACCGCGGTTATACGAGCGGCCCAAGTTGATAAAAATCGGCGTAAAGCGTGGTTAAAAAAATGTTTAAACTAGAGCCGAATAGCCTCAAAGCAGTTATACGCACTCGAGGCCACGAAGTACAATTACAAAAGTAGCTCTACCCCCCTTTGACTCCACGAAAACCATAAAA
202fbc12ca243f5af6d80ef9fb8a47d52bb8fd5b,CACCGCGGTTATACGAGAGGCCCAAGTTGATAGACACCGGCGTAAAGAGTGGTTAAGTTAAAACATCACACTAAAGCCAAACACCTTCAAGACTGTTATACGCAACCGAAGACAGGAAGTTCAACCACGAAAGTGGCTTTATTTGAGCTGAACCCACGAAAGCTACGAAA
0df5a82f2112a38c861ebca5dd26206231cc835e,CACCGCGGCTATACGAGAGACCCAAGTTGATACCATTCGGCGTAAAGAGTGGTTATGGAAAATAAAGACTAAAGCCGCACACCTTCAAAGCTGTTATACGCATCCGAAGGCTAGAAGTTCAACCACGAAGGTAGCTTTACAACCCCTGACCCCACGAAAGCTCTGGCA
49c829a5231136235f331db7aca2a5729665094e,CACCGCGGTTATACGAGAGGCCCAAGTTGAAAGACACCGGCGTAAAGCGTGGTTAAGTTAAAATTTAAACTAAAGTTAAACATCTTCAAGACTGTTATACGTATCCGAAGACAGGAGTCTCAATCACGAAAGTAACTTTATCTAAACTGAACCCACGAAAGCTACGGCA
6f15c44437f7ce31d0a433886c4a7af4bd98b904,CACCGCGGTCATACGATTGACCCAAATTAATAGACACCCGGCGTAAAGAGTGTCAAAGAACGATATAAAAATAAAGTTAAGCCTTAATTAAGCTGTAAAAAGTCATAATTAAAACTAAGTTAAACTACGAAAGTAACTTTACCATAAACTGAGTACACGACAACTAAGATC
e721cca60a7e2847768f287a4a8c591107d876cc,CACCGCGGTTATACGAGAGACCCTAGTTGATATACTCGGCGTAAAGAGTGGTTATGGAAAACAAGCACTAAAGCCAAAGAGCCCTCAGGCCGTTATACGCAGCCGGGGCCTCGAACCACTATCACGAAAGTAGCTTTACCCTCGCCCACCAGAACCCACGAGAGCTGGGACA
9892ecbb2521a2d548e97755174f97227c88faf7,CACCGCGGTTATACGAGCGACCCAAGTTGATAAAAATCGGCGTAAAGCGTGGTTAAAAAAATGTTTAAACTAGAGCCGAATAGCCTCAAAGCAGTTATACGCACTCGAGGCCACGAAGTACAATTACAAAAGTAGCTCTACCCCACTTTGACTCCACGAAAACCATAAAA
9742edaacbeebb08a67d704ce9968c950e4202f4,CACCGCGGTTATACGAGGGACCCTAGTTGATTTAATCGGCGTAAAGAGTGGTTATGGAGAATAAGAAACTAAAGCCGAAGACCTCTTAGGCCGTCATACGTACCTAGAGGCTCGAATAACAAACACGAAAGTAGCTTTACCCCTTCCTGCCAGAGCCCACGAAAGCTGGGATA
02f2f75121e010c75b12a3c52f4c0d814e1fb184,CACCGCGGTTATACGAGCGGCCCAAGTTGATAAAAATCGGCGTAAAGCGTGGTTAAAAAAATGTTTAAACTAGAGCCGAATAGCCTCAAAGCAGTTATACGCACTCGAGACCACGAAGTACAATTACAAAAGTAGCTCTACCCCACTTTGACTCCACGAAAACCATAAAA
c50e6963e5241fb172b1dd5b7780ab38d2d9c41a,CACCGCGGTCATACGATTGACCCAAATTAATAAACACCCGGCGTAAAGAGTGTCAAGGAACAATATAAAAATAAAGTCAAACCTTAATTAAGCTGTAAAAAGCCATAATTAAAATTAAGTTAAACTACGAAAGTAACTTTACCATAAACCGAGTACACGATAACTAAGACC
cf6f5dd80090448ae69a27b519d6cd0820e30ff4,CACCGCGGCTATACGAGAGACCCAAGTTGATACCATTCGGCGTAAAGAGTGGTTATGGAAAATAAAGACTAAAGCCGCACACCTTCAAAGCTGTTATACGCATCCGAAGGCTAGAAGATCAACCACGAAGGTAGCTTTACAGCCCCTGACCCCACGAAAGCTCTGGCA
f45e5611cabffd7c6aa0265033c70a755e7be4b5,CACCGCGGTTATACGAGAGGCCCAAGTTGACAGACATCGGCGTAAAGAGTGGTTAAGTTAGAATTTGTACTAAAGCCGAACGTCCTCAAGGCTGTTATACGCACCCGAAGATAAGAAGTTCAACCACGAAGGTGGCTTTATTTAGTCTGAACCCACGAAAGCTACGGCG
b6007121dcaf6004b7ef07876e7ae390298175a2,CACCGCGGTTATACGAGAGGCTCAAGTTGACAGGCAACGGCGTAAAGAGTGGTTAAGGAAAACATTTAACTAAAGCGGAACCCCCTCATTGCTGTTATACGCTTCCGAGGGAATGAACCCCAACTACGAAGGTGGCTTTATATTAACCTGAACCCACGAAAGCTAAGGAA
30f545fd34031a25a35a41fb4c12a38bc94e55e8,CGCCGCGGTTATACGAGCGACACAAATTAATGAGATAACGGCGTAAAGAGTGTATAAGAAAAACCTTGTACTTATTAAAGTTAAAATGGTGCTTAACTGTTATACGTACCCGCACAAATGAAAAACAATTAAAAAAGAAACTTTATAAAAACAAGGCCTCTGAAAACACGATAGCTAAAAAA
6f5f854c6ff5e3307ca10c66022d53f0ebf768fe,CACCGCGGCTATACGAGAGACCCAAGTTGATACCATTCGGCGTAAAGAGTGGTTATGGAAAATAAAGACTAAAGCCGCACACCTTCAAAGCTGTTATACGCATCCGAAGGCTAGAAGACCAACCACGAAGGTAGCTTTACAACCCCTGACCACACGAAAGCTCCGGCA
b809469fd825a89e4406487b7bb9eb67f0722258,CACCGCGGCTATACGAGAGACCCAAGTTGATACCATTCGGCGTAAAGAGTGGTTATGGAAAATAAAGACTAAAGCCGCACACCTTCAAAGCTGTTATACGCATCCGAAGGCTAGAAGATCAACCACGAAGGTAGCTTTACAACCCCCGACCCCACGAAAGCTCTGGCA
5843699941af692bac72ddd303048914ead1820a,CACCGCGGTTATACGAGCGGCCCAAGTTGATAAAAATCGGCGTAAAGCGTGGTTAAAAAAATGTTTAAACTAGAGCCGAATAGCCTCAAAGCAGTTATACGCACTCGAGGCCACGAAGTACAATTACAAAAGTAGCTCTACCCCACTTTAACTCCACGAAAACCATAAAA
54603aed4b48d32f473248fbbafeae3bbf90ad5d,CACCGCGGTTATACGAGAGACCCTAGTTGATATACTCGGCGTAAAGAGTGGTTATGGAAAACAAGCACTAAAGCCAAAGAGCCCTCAAGCCGTTATACGCACCCGGGGCCTCGAACCACTATCACGAAAGTAGCTTTACCCTCGCCCACCAGAACCCACGAGAGCTGGGACA
f7dc00e75689e06a9b7a5982c7d7bb54e585af2e,CACCGCGGTTATACGAGAGGCCCAAATTGACAGACCCCGGCGTAAAGCGTGGTTAAGTTAAAACCTACACTAAAGCCGAACATCCTCAAGGCTGTTATACGCACCCGAAGACAAGAAGTTCAACCACGAAGGTGGCTTTATTTGATCTGACCCCACGAAAGCTACGGCA
83ea67453de1f778164f8f9d202fa7c15b3952cb,CACCGCGGTTATACGAGAGGCCCAAGTTGAAAGACATCGGAGTAAAGAGTGGTTAAGTAAAAACTAAACTAAAGTCGAACATCTTCAAGGCTGTTATACGCATCCGAAGACAAGAAGTTCAACCACGAAGGTGACTTTATTCGTACTGAACCCACGAAAGCTAGGACA
b61208ab31fef33a64ef82c5c4caea86f826ba89,CACCGCGGTTATACGAGAGGCCCAAGTTGACAAACAACGGCGTAAAGAGTGGTTAGGGGATTTAATAAACTAGAGCCGAACGCTTTCAAAGCTGTTATACGCACCCGAAAGTATGAAACCCAATTACGAAAGTAGCTCTACCTATCCTGAACCAACGAAAGCTAAGGAA
a165de3cd68f0bd83d48af5d3e600a5470915c73,CACCGCGGTTATACGAGCGGCCCAAGTTGATAAAAATCGGCGTAAAGCGTGGTTAAAAAAATGTTTAAACTAGAGCCGAATAGCCTCAAAGCAGTTATACGCACTCGAGGCCACGAAGTACAATTACAAAAGTAGCTCTACCCCACTTTGACTCCAAGAAAACCATAAAA
2f6dff0fe9ebddde4d6684e3878334920a9c2f4f,CACCGCGGTTATACGAGAGACCCTAGTTGATATACTCGGCGTAAAGAGTGGTTATGGAAAACAAGCACTAAAGCCAAAGAGCCCTCAGGCCGTTATACGCACCCGGGGCCTCGAGCCACTATCACGAAAGTAGCTTTACCCTCGCCCACCAGAACCCACGAGAGCTGGGACA
21453a1fcfce7f626e6587560b03c2fc1099d762,CACCGCGGCTATACGAGAGACCCAAGTTGATACCATTCGGCGTAAAGAGTGGTTATGGAAAATAAAGACTAAAGCCCCACACCTTCAAAGCTGTTATACGCATCCGAAGGCTAGAAGATCAACCACGAAGGTAGCTTTACAACCCCTGACCCCACGAAAGCTCTGGCA
a6f5080ecc0ff96599d0dc844ca7b7f2fbcad679,CACCGCGGTTATACGAGCGGCCCAAGTTGATAAAAATCGGCGTAAAGCGTGGTTAAAAAAATGTTTAAACTAGAGCCGAATAGCCTCAAAGCAGTTATACGCACTCGAGGCCACGAAGTACAATTATGAAAGTAGCTCTACCCCACTTTGACTCCACGAAAACCATAAAA
d5bdf49349682112fa22c416db7fea394e18ae81,CACCGCGGTTATACGAGAGGCCCAAGTTGACAAACAACGGCGTAAGGAGTGGTTAGGGGATTTACTAAACTAGAGCCGAACGCTTTCAAAGCTGTTATACGCACCCGAAAGTATGAAACCCAATTACGAAAGTAGCTCTACCTGTCCTGAACCCACGAAAGCTAAGAAA
5310b2da9a0e0f9812525a06b2a11515d85a7587,CACCGCGGCTATACGAGAGACCCAAGTTGATACCATTCGGCGTAAAGAGTGGTTATGGAAAATAAAGACTAAAGACGCACACCTTCAAAGCTGTTATACGCATCCGAAGGCTAGAAGACCAACCACGAAGGTAGCTTTACAACCCCTGACCCCACGAAAGCTCCGGCA
09d6c51d8166f80ceb6874a33d508b317d42e987,CACCGCGGTTATACGAGCGGCCCAAGTTGATAAAAATCGGCGTAAATCGTGGTTAAAAAATGTTTAAACTAGAGCCGAATAGCCTCAAAGCAGTTATACGCACTCGAGGCCACGAAGTACAATTACGAAAGTAGCTCTACCCCACTTTGACTCCACGAAAACCATAAAA
bb20ac83f08afe407be15b12d27519b2e9bc16bc,CACCGCGGTTATACGAGCGGCCCAAGTTGATAAAAATCGGCGTAAAGCGTGGTTAAAAAATGTTCAAACTAGAGCCGAATAGCCTCAAAGCAGTTATACGCACTCGAGGCCACGAAGTACAATTACGAAAGTAGCTCTACCCCACTTTGACTCCACGAAAACCATAAAA
9b8fa693606caa963e0bb775a850e0d2a820be41,CGCCGCGGTTATACGAGCGACCCAAATTAATGAGATAACGGCGTAAAGAGTGTATAAGAAAAACCTTGTACTTATTAAAGTTAAAATAGTGCTTAACTGTTATACGTACCCGCACAAATGAAAAACAATTAAAAAAGAAACTTTATAAAAACAAGGCCCCTGAAAACACGATAGCTAAAAAA
343554c2359991043f1070bf84346924eea81d9e,CACCGCGGTTATACGAGAGACCCTAGTTGATATACTCGGCGTAAAGAGTGGTTATGGAAAACAAGCACTAAAGCCAAAGAGCCCTCAGGCCGTTATACGCACCCGGGGCCTCGAACCACTATCACGAAAGTAGCTTTACCCTCGCCCACCAGAACGCACGAGAGCTGGGACA
4919eeb3d55142c5b54b0e221a9fe9eff4ba1c79,CACCGCGGTTATACGAGAGGCCCAAGTTGACAGAAAGCGGCGTAAAGAGTGGTTAAGGAATATCAAAAAAACTAGAGCGGAACGCTTTCAGAGCAGTTATACGCATCCGAAAGTATGAAACCCAATTACGAAAGTAGCTTTATTTCCCCTGAACCCACGAAAGCTAAGAAA
093a91d100d3f9873defc9be92e6333b74f9d1a9,CACCGCGGTTATACGAGAGACCCTAGTTGATATACTCGGCATAAAGAGTGGTTATGGAAAACAAGCACTAAAGCCAAAGAGCCCTCAGGCCGTTATACGCACCCGGGGCCTCGAACCACTATCACGAAAGTAGCTTTACCCTCGCCCACCAGAACCCACGAGAGCTGGGACA
41827a9122f80df86f2fb79d6968d5bdd266bee0,CACCGCGGTTATACGAGAGGCCCAAGTTGACAAACAACGGCGTAAAGAGTGGTTAGGGAATTTACTAAACTAGAGCCGAACGCTTTCAAAGCTGTTATACGCACCCGAAAGTATGAAACCCAATTACGAAAGTAGCTCTACCTATCCTGAACCCACGAAAGCTAATAAA
d90584af287878e97dae50705b132047614fded1,CACCGCGGTTATACGAGAGGCTCAAGTTGATAGACAGCGGCGTAAAGAGTGGTTAGGAAAAACATAAACTAAAGTCGAACGCTTCCATAGCTGTTATACGCACCCGAAAATATGAAGCCCAACTACGAAAGTAACTTTAAAATACCTGAATCCACGAAAGCTAGGGAA
5ca7f79e952c69942ddd2483c47385a9b77fbeb2,CACCGCGGTTATACGAGAGGCTCAAGTTGACAGACAACGGCGTAAAGAGTGGTTAAGGAAAACATTTAACTAAAGCGGAACCCCCTCATTGCTGTTATACTCTTCCGAGGGAATGAACCCCAACTACGAAGGTGGCTTTATATTAACCTGAACCCACGAAAGCTAAGGAA
06d4ee00ca7a2a71bbbc7fe74ae28e30bec0630d,CACCGCGGTTATACGAGAGACCCTAGTTGACATACTCGGCGTAAAGAGTGGTTATGGAAAACAAGCACTAAAGCCAAAGAGCCCTCAGGCCGTTATACGCACCCGGGGCCTCGAACCACTATCACGAAAGTAGCTTTACCCTCGCCCACCAGAACCCACGAGAGCTGGGACA
a80eea392aee66a317106974e6b2165b1eab5c38,CACCGCGGCTATACGAGAGACCCAAGTTGATACCATTCGGCGTAAAGAGTGGTTATGGAAAATAAAGACTAAAGCCGCACACCTTCAAAGCTGTTATACGCATCCGAAGGCTAGAAGACCAAACACGAAGGTAGCTTTACAACCCCTGACCCCACGAAAGCTCCGGCA
116e6a9ddc5bc31599200e13e8b0fd7cab66f032,CACCGCGGTTATACGAGCGGCCCAAGTTGATAAAAATCGGCGTAAAGCGTGGTTAAAAAAATATTTAAACTAGAGCCGAATAGCCTCAAAGCAGTTATACGCACTCGAGGCCACGAAGTACAATTACAAAAGTAGCTCTACCCCACTTTGACTCCACGAAAACCATAAAA
05b9d33d3b07de88ca0441f034a86ed439760cb2,CACCGCGGCTATACGAGAGACCCAAGTTGATACCATTCGGCGTAAAGAGTGGTTATGGAAAATAAAGACTAAAGCCGCACACCTTCAAATCTGTTATACGCATCCGAAGGCTAGAAGATCAACCACGAAGGTAGCTTTACAACCCCTGACCCCACGAAAGCTCTGGCA
6bf001392e2cc6a01a5345e61745099173509894,CACCGCGGTTATACGAGAGACCCTAGTTGATATACTAGGCGTAAAGAGTGGTTATGGAAAACAAGCACTAAAGCCAAAGAGCCCTCAGGCCGTTATACGCACCCGGGGCCTCGAACCACTATCACGAAAGTAGCTTTACCCTCGCCCACCAGAACCCACGAGAGCTGGGACA
ac877ce0b7c31d4700275e34f32213b021200d5a,CACCGAGGTTATACGAGAGGCCCTAGTTGATAACTACCGGCGTAAAGAGTGGTTATGGAAAAATATTTAATAAAGCCGAACACCCCCTCAGCCGTCATACGCACCTGGGGGCACGAAGACCTACTGCGAAAGCAGCTTTAATTACACCTGACCCCACGACAGCTAAGAAA
6b72b5778471be56f771fe35bc5a762add2d7c6b,CACCGCGGCTATACGAGAGACCCAAGTTGATACCATTCGGCGTAAAGAGTGGTTATGGAAAATAAAGACTAAAGCCGCACACCTTAAAAGCTGTTATACGCATCCGAAGGCTAGAAGATCAACCACGAAGGTAGCTTTACAACCCCTGACCCCACGAAAGCTCTGGCA
463a07673dae811409e0f88279ea6b09d625df81,CACCGCGGCTATACGAGAGACCCAAGTTGATACCATTCGGCGTAAAGAGTGGTTATGGAAAATAAAGACTAAATCCGCACACCTTCAAAGCTGTTATACGCATCCGAAGGCTAGAAGACCAACCACGAAGGTAGCTTTACAACCCCTGACCCCACGAAAGCTCCGGCA
4987ed61a49e7ac29ca047ce7bdb0f428c8e7a1a,CACCGCGGCTATACGAGAGACCCAAGTTGATACCATTCGGCGTAAAGAGTGGTTATGGAAAATAAAGACTAAAGCCGCACACCTTCAAAGCTGTTATACGCATCCGAAGGCTAGAAGATCGACCACGAAGGTAGCTTTACAACCCCTGACCCCACGAAAGCTCTGGCA
64e62fde682610cb52b59ec5352fd2e3b0fa7083,CACCGCGGTTATACGAGAGGCTCAAGTTGACAGACAACGGCGTAAAGAGTGGTTAAGGAAAACATTTAACTAAAGCGGAACCCACTCATTGCTGTTATACGCTTCCGAGGGAATGAACCCCAACTACGAAGGTGGCTTTATATTAACCTGAACCCACGAAAGCTAAGGAA
48e95b27adf6080d206780606ba761c98030e049,CACCGCGGTTATAAGAGCGGCCCAAGTTGATAAAAATCGGCGTAAAGCGTGGTTAAAAAAATGTTTAAACTAGAGCCGAATAGCCTCAAAGCAGTTATACGCACTCGAGGCCACGAAGTACAATTACAAAAGTAGCTCTACCCCACTTTGACTCCACGAAAACCATAAAA
9f0dff5a10b2961529245243298e7701617b7317,CACCGCGGTTATACGAGAGGCCCAAGTTGACAAACAACGGCGTAAAGAGTGGTTAGGGGATTTACTAAACTAGAGCCGAACGCTTTCAAAGCTGTTATACGCACCCGAAAGTATGAAACCCAATTACGAAAGTAGCTCTACCTCTCCTGAACCCACGAAAGCTAAGAAA
ed092148b884ffeb4d97388176fb5fa98eb641c3,CACCGCGGTTATACGAGAGGCTCAAGTTGATAGACAGCGGCGTAAAGAGTGGTTAGGAAAAACACAAACTAAAGTCGAACGCTTCCATAGATGTTATACGCACCCGAAAATATGAAGCCCAACTACGAAAGTAACTTTAAAATACCTGAATCCACAAAAGCTAGGGAA
caec2ef5ede658c58b42462942676b56f89869fd,CACCGCGGTTATACGAGGGACCCTAGTTGATTTAATCGGCGTAAAGAGTGGTTATGGAGAATAAAAAACTAAAGCCGAAGACCTCTTAGGCCGTCATACGTACCTAGAGGCTCGAATAACAAACACGAAAGTAGCTTTACCCCTTCCTGCCAGAACCCACGAAAGCTGGGATA
09b7c8445f3ed0c6b700b8bd3f5715bf6f50fa2f,CACCGCGGTTATACGAGCGGCCCAAGTTGATAAAAATCGGCGTAAAGCGTGGTTAAAAAAATGTTTAAACTAGAGCCGAATAGCCTCAAAGCAGTTATACGCACTCGAGGCCACGAAGTACAATTACAAAAGTAGCTCTACCCCACTTTGACTCCACGAAGACCATAAAA
660e89949af7c1aa2ab7ccce42f692b718779d09,CACCGCGGCTATACGAGAGACCCAAGTTGATACCATTCGGCGTAAAGAGTGGTTATGGAAAATAAAGACTAAAGCCGCACACCTTCAAAGCTGTTACACGCATCCGAAGGCTAGAAGATCAACCACGAAGGTAGCTTTACAACCCCTGACCCCACGAAAGCTCTGGCA
ba40d744c2b1e95bc16905089842da6c93af4dfb,CACCGCGGTTATACGAGAGGCACAAGTTGATAGACACCGGCGTAAAGAGTGGTTAAGTTAGAACTCATACTAAAGCCAAACATCTTCAAGGCTGTTATACGCAACCGAAGGTAGGAAGTTCGACCACGAAAGTGGCTTTATGTAAGCTGAATCCACGAAAGCTAAGGAA
8058d9f91a823509fccc497a6b83ef9d045783b0,CACCGCGGTCATACGAGTGTTAGCCCAAGCAGATGGTCAACGGCGTAAAGAGTGGTTAGGGAACCCTGAAACTAAAGCTGAACACCCGCAGGGCCGTTATACGCATCCGACAGCATGAAACCCCACCACGAAAGTGGCTTTAACCTGACCCGAACCCACGACAGCTAAGACA
600244581e1f8d6e4a9ad277225a3e851138d422,CACCGCGGTTATACGAGAGGCCCAAGTTGACAAACAACGGCGTAAAGAGTGGTTAGGGAATTTACTAAACTAGAGCCGAACGCTTTCAAAGCTGTTATACGCACCCGAAAGTATGAAACCCAATTACGAAAGTAGCTCTACCTGTCCTGAACCCACGAAAGCTAAGAAA
c28b09aefdd40bd16b51a1d4f8511860e534a00f,CACCGCGGTTATACGAGAGACCCTAGTTGATATACTCGGCGTAAAGAGTGGTTATGGAAAACAAGCACTAAAGCCAAAGAGCCCTCAGTCCGTTATACGCACCCGGGGCCTCGAACCACTATCACGAAAGTAGCTTTACCCTCGCCCACCAGAACCCACGAGAGCTGGGACA
c32b2f8c42f1e3ab150f99ac748abf8f34168be6,CACCGCGGCTATACGAGAGACCCAAGTTGATACCATTCGGCATAAAGAGTGGTTATGGAAAATAAAGACTAAAGCCGCACACCTTCAAAGCTGTTATACGCATCCGAAGGCTAGAAGACCAACCACGAAGGTAGCTTTACAACCCCTGACCCCACGAAAGCTCCGGCA
855a6db09ad20bb1a85c42563364110f7193d633,CACCGCGGCTATACGAGAGACCCAAGTTGATACCATTCGGCGTAAAGAGTGGTTATGGAAAATAAAGACTAAAGCCGCACACCTTCAAAGCTGTTATACGCATCCGAAGGCTAGAAGATCAACCACGAAGGTAGCTTTACAATCCCTGACCCCACGAAAGCTCTGGCA
7460cbab2f5aa661a9852c50330b127168787c6b,CACCGCGGTTATACGAGAGACCCTAGTTGATATACTCGGCGTAAAGAGTGGTTATGGAAAACAAGCACTAAAGCCAAAGAGCCCTCAGGCCGTTATACGCACCCGGGGCCTCGAACCACTATCACGAAAGTAGCTTTAACCTCGCCCACCAGAACCCACGAGAGCTGGGACA
7074a65b9a8a21b9d12136610c2fd2133e0e2cb0,CACCGCGGCTATACGAGAGACCCAAGTTGATACCATTCGGCGTAAAGAGTGGTTATGGAAAATAAAAACTAAAGCCGCACAACTTCAAAGCTGTTATACGCATCCGAAGGCTAGAAGACCAACCACGAAGGTAGCTTTACAACCCCTGACCCCACGAAAGCTCCGGCA
94222f0f86617ebb77eb9740b9ec925e6e2bfddb,CACCGTGGTCATACGACTGACCCAAATTAATAGAGACACGGCGTAAAGAGTGTTAAGGAATCATACAAAATAAAGTCAAATCCTAATTAAGCTGTAAAAAGCCATAATTAAAACTAAGCTAAACCACGAAAGTGACTTTAGTACAATCTGAGTACACGACAACTAAGACC
04cde9c3f582470d1f894a178bcf20b8f8040951,CACCGCGGTTATACGAGCGGCCCAAGTTGATTAAAATCGGCGTAAAGCGTGGTTAAAAAAATGTTTAAACTAGAGCCGAATAGCCTCAAAGCAGTTATACGCACTCGAGGCCACGAAGTACAATTACAAAAGTAGCTCTACCCCACTTTGACTCCACGAAAACCATAAAA
30e45f622ceebd2e9f18701a53ebcd671ed1df72,CACCGCGGCTATACGAGAGACCCAAGTTGATACCATTCGGCGTAAAGAGTGGTTATGGGAAATAAAGACTAAAGCCGCACACCTTCAAAGCTGTTATACGCATCCGAAGGCTAGAAGATCAACCACGAAGGTAGCTTTACAACCCCTGACCCCACGAAAGCTCTGGCA
bfb6efa434b9de49679b9697ce25448488d4dee3,CACCGCGGCTATACGAGAGACCCAAGTTGATACCATTCGGCGTAAAGAGTGGTTATGGAAAATAAAGACTAAAGCCGCACACCTCCAAAGCTGTTATACGCATCCGAAGGCTAGAAGACCAACCACGAAGGTAGCTTTACAACCCCTGACCCCACGAAAGCTCCGGCA
d0415d7866c49074ce258b7c33266b0841a93358,CACCGCGGTTATACGAGAGGCCCAAGTAGATAGACACCGGCGTAAAGAGTGGTTAAGTTAAAACTCACACTAAAGCCAAACATCTTCAAGACTGTTATACGTAACCGAAGACCGGAAGTTCAACCACGAAAGTGGCTTTATTTGATCTGAACCCAAGAAAGCTACGGCA
f995c7d411ca4f8c15d52872e169ee29d2cb893b,CACCGCGGTTATACGAGAGACCCTAGTTGATATACTCGGCGTAAAGAGTGGTTATGGAAAACAAGCACTAAAGCCAAAGGGCCCTCAGGCCGTTATACGCACCCGGGGCCTCGAACCACTATCACGAAAGTAGCTTTACCCTCGCCCACCAGAACCCACGAGAGCTGGGACA
fb1af18ebee5904431459837154e203d470b9cc3,CACCGCGGTTATACGAGCGGCCCAAGTTGATAAAAATCGGCGTAAAGCGTGGTTAAAAAATGTTTAAACTAGAGCCGAATAGCCTCAAAGCAGTTATACGCACTCGAGGTCACGAAGTACAATTACGAAAGTAGCTCTACCCCACTTTGACTCCACGAAAACCATAAAA
2f2d86fe9d922bef538fb7bd9f11588e1a3c43c9,CACCGCGGCTATACGAGAGACCCAAGTTGATACCATTCGGCGTAAAGAGTGGTTATGGAAAATAAAGACTAAAGCCGCACACCTTCAAAGCTGTTATACGCATCCTAAGGCTAGAAGACCAACCACGAAGGTAGCTTTACAACCCCTGACCCCACGAAAGCTCCGGCA
ffff4e3651166c39b4c7ac9fe8010b796d1d9963,CACCGCGGTCATACGATTGACCCAAACTAATAGACACCCGGCGTAAAGAGTGTCAAAGAACAATATAAAAATAAAGTCAAACCTTAATTAAGCTGTAAAAAGCCATAATTAAAATTAAGTTAAACTACGAAAGTAACTTTACCATAAACTGAGTACACGACAACTAAGACC
690728fc03a14623b8bbf88d85348c47e24ba0aa,CACCGCGGTCATACGATTGACCCAAATTAATAGACACCCGGCGTAAAGAGTGTCGAGGAACAATATAAAAATAAAGTCAAGCCTTAATTAAGCTGTAAAAAGCCATAATTAAAATTAAGTTAAACTACGAAAGTAACTTTACCATAAACCGAGTACACGATAACTAAGACC
02533f0727c488d5ca80cccfae562a0cf111576d,CACCGCGGTTATACGAGAGACCCTAGTTGATATACTCGGCGTAAAGAGTGGTTATGGAAAACAAGCACTAAAGCCAAAGAGCCCTCAGGCCGTTATACGCACCCGGGGCCTCGAACCACTATCAAGAAAGTAGCTTTACCCTCGCCCACCAGAACCCACGAGAGCTGGGACA
8435fda16724cea8c4b8b1967fe2956ec3fd54a9,CACCGCGGCTATACGAGAGACCCAAGTTGATACCATTCGGCGTAAAGAGTGGTTATGGAAAATAAAGACTAAAGCCGCACACCTTCAAAGCTGTTATACGCATCCGAAGGCTAGAAGACCAACCAAGAAGGTAGCTTTACAACCCCTGACCCCACGAAAGCTCCGGCA
15a674fe116b3278bda25964d2139de88f056e62,CACCGCGGCTATACGAGAGACCCAAGTTGATACCATTCGGCGTAAAGAGTGGTTATGGAAAATAAAGACTAAAGCCGCACACATTCAAAGCTGTTATACGCATCCGAAGGCTAGAAGACCAACCACGAAGGTAGCTTTACAACCCCTGACCCCACGAAAGCTCCGGCA
374fb2a976a60ab4398cf064d2f8e901602bbb46,CACCGCGGTTATACGAGAGACCCTAGTTGATATACTCGGCGTAAAGAGTGGTTATGGAAAACAAGCACTAAAGCCAAAGAGCACTCAGGCCGTTATACGCACCCGGGGCCTCGAACCACTATCACGAAAGTAGCTTTACCCTCGCCCACCAGAACCCACGAGAGCTGGGACA
1e6ee3380a8bf057d35ea70cf5fb90207726ecdb,CACCGCGGTCATACGAGTGTTAGCCCAAGCAGATGAATAACGGCGTAAAGAGTGGTTAGGGACCCCCACAACTAAAGTTGAACGCCTGCATGGCCGTTATACGCATCCGAAGGCATGAAACCCCGCCACGAAAGTGACTTTAACCAGACCCGAACCCACGACAGCTACGGCA
adbd1832cac45e40fd365c88f603028d2871a00a,CACCGCGGCTATACGAGAGACCCAAGTTGATACCATTCGGCGTAAAGAGTGGTTATGGAAAATAAAGACTAAAGCCTCACACCTTCAAAGCTGTTATACGCATCCGAAGGCTAGAAGACCAACCACGAAGGTAGCTTTACAACCCCTGACCCCACGAAAGCTCCGGCA
14815d1bda588b9c50a3c0216e56bd42bd34e72b,CACCGCGGTTATACGAGAGACCCAAGTTGACAAACAACGGCGTAAAGAGTGGTTAGGGGATTTACTAAACTAGAGCCGAACGCTTTCAAAGCTGTTATACGCATCCGAAAGTATGAAACCCAATTACGAAAGTAGCTCTACACATCCTGAACCCACGAAAGCTAAGAAA
1e00fb558f948e0ea994f1c17292b61e37f442ec,CACCGCGGTTATACGAGAGACCCTAGTTGATATACTCGGCGTAAAGAGTGGTTATGGAAAACAAGCACTAAAGCCAAAGAGCCCTCAGGCCGTTATACGCACCCGGGGCCTCGAACCACTTTCACGAAAGTAGCTTTACCCTCGCCCACCAGAACCCACGAGAGCTGGGACA
280360276932082814be1be133e24bacebc3dc74,CACCGCCGTTATACGAGAGGCTCAAGTTGACAGACAACGGCGTAAAGAGTGGTTAAGGAAAACATTTAACTAAAGCGGAACCCCCTCATTGCTGTTATACGCTTCCGAGGGAATGAACCCCAACTACGAAGGTGGCTTTATATTAACCTGAACCCACGAAAGCTAAGGAA
d78cb364e47ddf5149a57c71ff5ba4a5cf07bdea,CACCGCGGTTATACGAGAGACCCTAGTTGATATACTCGGCGTAAAGAGTGGTTATGGAAAACAAGCACTAAAGCCAAAGAGCCCTCAGGCCGTTATACGCACCCGGGGACTCGAACCACTATCACGAAAGTAGCTTTACCCTCGCCCACCAGAACCCACGAGAGCTGGGACA
4715bbef15095404f1a5105ebadaf6f33514819d,CACCGCGGTTATACGAGAGACCCTAGTTGATATACTCGGCGTAAAGAGTGGTTATGGAAAACAAGCACTAAAGCCAAAGAGCCCTCAGGCCGTTATACGCACCCGGGGCCTCGAACCACTATCACGAAAGTAGCTTTACCCTCGCCAACCAGAACCCACGAGAGCTGGGACA
02f2f95c968549e454f01dfcce31e1f8fbb06765,CACCGCGGCTATACGAGAGACCCAAGTTGATACCATTCGGCGTAAAGAGTGCTTATGGAAAATAAAGACTAAAGCCGCACACCTTCAAAGCTGTTATACGCATCCGAAGGCTAGAAGACCAACCACGAAGGTAGCTTTACAACCCCTGACCCCACGAAAGCTCCGGCA
a298cc53456748d771cf77eb1472dd3642366248,CGCCGCGGTTATACGAGGGGCCCAAGTTGAAAGATACTGGCGTAAGATGTGGCTAAGTAAAAATTTAAACTAAAGTTAAACATCTTCAACACTGTTATACGTGCCCGAAGAAAGGAATCCCAACCACGAAAGTGACTTTATACCAGCTGAACCCACGAAAGCTAAGACA
4c180359439270a87cdb63b08aa71e69d7113d1c,CACCGCGGTCAAACGAGTGTGCCCAAGTGGACAATCTACGGCGTAAGCGTGGTTAGGGAAAACCCACAACTAAAGTAGAACTAGCTCCGGGCTGTGATACGCACCCGACACTGTGAAACCTCACCACGAAAGTGACTTTAACAACACCTGAACCCACGAAAGCTGGGGAA
77d8bad7d4311e026ac31184399233c3dc9808f1,CACCGCGGTTATACGAGAGGCCCTGGTTGATATACTCGGCGTAAAGAGTGGTTATGGAAAACAAGCACTAAAGCCAAAGAGCCCTCAGGCCGTTATACGCACCCGGGGCCTCGAACCACTATCACGAAAGTAGCTTTACCCTCGCCCACCAGAACCCACGAGAGCTGGGACA
974de2033d3890c11c8803f8a87e73c407209787,CACCGCGGTTATACGAGAGACCCTAGTTGATATACTCGGCGTAAAGAGTGGTTATGGAAAACAAGCACTAAAGCCAAAGAGCCCTCAGGCCGTTATACGCACCCGGGGCCTCGAACCACTATCACGAAAGTAGCTTTAGCCTCGCCCACCAGAACCCACGAGAGCTGGGACA
985b969fc7ed8cf36261661075c815f56d99b651,CACCGCGGCTATACGAGAGACCCAAGTTGATACCATTCGGCGTAAAGAGTGGTTATGGAAAATAAAGACTAAAGCCGCACACCTTCAAAGCTGTTATACGCATCCGAAGGCTAGAAGATCAACCACGAAGGTAGCTTTACAACCCCTGAACCCACGAAAGCTCTGGCA
cc7b0576823b25cbcc742764fe4edf35fbd30c48,CACCGCGGTTATACGAGAGACCCTAGTTGATATACTCGGCGTAAAGAGTGTTTATGGAAAACAAGCACTAAAGCCAAAGAGCCCTCAGGCCGTTATACGCACCCGGGGCCTCGAACCACTATCACGAAAGTAGCTTTACCCTCGCCCACCAGAACCCACGAGAGCTGGGACA
fea39493e48ec06bf8dad549ba5f70f9556e12a4,CACCGCGGTTATACGATAGGCCCAAGTTGACGGACCCCGGCGTAAAGCGTGGTTAGGGAAAACTCAAAACTAAAGCCGAATATCTTCAGGGCAGTTATACGCTTCCGAAGACACGAAGCCCTTCCACGAAAGTGACTTTATTACCCCCGACCCCACGAAAGCTAGGACA
56b2b20cf03c23436c7a3693c3fb6d3fdc17ccc2,CACCGCGGTTATACGAGAGGCCCAAGTTGATGACCACCGGCGTAAAGAGTGGTTACGGAAGCACTTCACTAAAGCCGAACAACCTCTTGGCTGTCATACGCACCTGAGGCTACGAAGATCCCCCACGAAAGTGGCTTTACCCCTCCCTGAACCCACGACAGCTATGATA
d20ad87fde551f34f74f13d7d71d7f783b9ce891,CACCGCGGTTATACGAGAGGCTCAAGTTGACAGACAACGGCGTAAAGAGTGGTTAAGGAAAACATTTAACTAAAGCGGAACCCCCTCATTGCTGTTATACGCTTCCGAGGTAATGAACCCCAACTACGAAGGTGGCTTTATATTAACCTGAACCCACGAAAGCTAAGGAA
0cf8a5067d69ec1e61c0ae339f8640208ae401fb,CACCGCGGTTATACGAGAGACCCTAGTTGATATACTCGGCGTAAAGAGTGGTTATGGAAAACAAGCACTAAAGCCAAAGAGCCCTCAGGCCGTTATACGCACCCGGGGCCTCGAACCAATATCACGAAAGTAGCTTTACCCTCGCCCACCAGAACCCACGAGAGCTGGGACA
0e37d67cf705ef5a39ad2880df6de7ccecd75ac4,CACCGCGGTTATACGAGCGGCCCAAGTTGATAAAAATCTGCGTAAAGCGTGGTTAAAAAAATGTTTAAACTAGAGCCGAATAGCCTCAAAGCAGTTATACGCACTCGAGGCCACGAAGTACAATTACAAAAGTAGCTCTACCCCACTTTGACTCCACGAAAACCATAAAA
da83c719cc06209b92f6b2c6a335a055a2db77cf,CACCGCGGTCATACGATTAACCCAAATTAATAGATCCACGGCGTAAAGAGTGTTTAAGAAAAAAAACCACAATAGAGTTAAATTATAACTAAGCTGTAAAAAGCCCTAGTTAAAATAAAATAACCCACGAAAGTGACTCTAATAATCCTGACACACGATAGCTAGGACC
c5eae2c0dc6f962d20ad094c21a93058656894f7,CACCGCGGTCATACGATTGACCCAAATTAATAGAAATACGGCGTAAAGAGTGTTAAAGAATGACACAAAATAAAGTTAAACCTTAATTAAGCTGTAGAAAGCCATAATTAAAGCTAAGCCAAACCACGAAAGTGACTTTAATGTAATCTGACTACACGACAACTAAGATC
bc9dfc17fc696048b7ac75f0297c77b7a6604e3c,CACCGCGGCTATACGAGAGACCCAAGTTGATACCATTCGGCGTAAAGAGTGGTTATGGAAAATAAAGACTAAAGCCGCACACCTTCAAAGCTGTTATACGCATCCGAAGGATAGAAGATCAACCACGAAGGTAGCTTTACAACCCCTGACCCCACGAAAGCTCTGGCA
99490c5f2e96aebc4ba510dbd2a5bc2f42294a28,CACCGCGGTTATACGAGAGACCCTAGTTGATATACTCGGCGTAAAGAGTGGTTATGGAAAACAAGCACTAAAGCCAAAGAGCCCTCAGGCCGTTATACGCACCCGGGGCCTCGAACCTCTATCACGAAAGTAGCTTTACCCTCGCCCACCAGAACCCACGAGAGCTGGGACA
2fc246c8fe04fe54aee8f7517be194ba3695735c,CACCGCGGCTATACGAGAGACCCAAGTTGATACCATTCGGCGTAAAGAGTGGTTATGGAAAATAAAGACTAAAGCCGCACACCTTCAAAGCTGTTATACGCATCCGAAGGCTAGAAGATCAACCACGAAGGTAGCTTTACAACCCCTGACCCAACGAAAGCTCTGGCA
d6f69979e2e7c50e468fdb7a4ad00eb8296b8bf9,CACCGCGGTCACACGATTAACCCAAGTCAATAGAAGCCGGCGTAAAGAGTGTTTTAGATCACCCCCTCCCCAATAAAGCTAAAACTCACCTGAGTTGTAAAAAACTCCAGTTGACACAAAATAGACTACGAAAGTGGCTTTAACATATCTGAACACACAATAGCTAAGACC
b9286cfd811492b447dd689cf4cee607c9368699,CACCGCGGTTATACGAGAGACCCTAGTTGATATACTCGGCGTAAAGAGTGGTTATGGAAAACAAGCACTAAAGCCAAAGAGCCCTCAGGCCGTTATACGCACCCGGGGCCTCGAACAACTATCACGAAAGTAGCTTTACCCTCGCCCACCAGAACCCACGAGAGCTGGGACA
f0e2bd10c0c8ec6c01146a91ea14bc8a71e50335,CACCGCGGTTATACGAGAGACCCTAGTTGATATACTCGGCGTAAAGAGTGGTTATGGAAAACAAGCACTAAAGCCAAAGAGCCCTCAGGCCGTTATACGCACCCCGGGCCTCGAACCACTATCACGAAAGTAGCTTTACCCTCGCCCACCAGAACCCACGAGAGCTGGGACA
4fb788030c1048b92dff3db56805c8ef1cf5fc7d,CACCGCGGTTATACGAGAGGCTCAAGTTGACAGACAACGGCGTAAAGAGTGGTTAAGGAAAAAATTTAACTAAAGCGGAACCCCCTCATTGCTGTTATACGCTTCCGAGGGAATGAACCCCAACTACGAAGGTGGCTTTATATTAACCTGAACCCACGAAAGCTAAGGAA
bfaa62d088f7f3f0836c6330c37b46ce12ff1545,CACCGCGGTTATACGAGCGGCCCAAGTTGATAAAAATCGGCGTAAAGCGTGGTTAAAAAAATGTTTAAACTAGAGCCGAATAGCCTCAAAGCAGTTATACGCACTCGAGGCCACGAAGTACAATTACAAAAGTAGCTCTACCCCACTTTGAGTCCACGAAAACCATAAAA
25002a8665f2c1aa4d9665e278e7eb4dd204a4ef,CACCGCGGTTATACGAGCGGCCCAAGTTGATAAAAATCGGCGTAAAGCGTGGTTAAAAAAATGTTTAAACTAGAGCCGAATAGCCTCAAAGCAGTTATACGCACTCGAGGCCACGAAGTACAATTACAAAAGTAGCTCTACCCCACTTTGACTCCACGAAAACAATAAAA
02ca61557c3d0075c463ff01a76124b390788efc,CACCGCGGCTATACGAGAGACCCAAGTTGATACCATTCGGCGTAAAGAGTGGTTATGGAAAATAAAGACTAAAGCCGCACACCTTCAAAGCTGTTATACGCATCCGAAGGCTAGAAGACCAACCACGAAGGTAGCTTTACAACCCCTGACCCGACGAAAGCTCCGGCA
4425b86c0477291635ac2d983dba507db1d4ad83,CACCGCGGCTATACGAGAGACCCAAGTTGATACCATTCGGCGTAAAGAGTGGTTATGGAAAATAAAAACTAAAGCCGCACACCTTCAAAGCTGTTATACGCATCCGAAGGCTAGAAGACCAACCACGAAGGTAGCTTTACAACCCATGACCCCACGAAAGCTCCGGCA
9bd0dd02987b765e3e392dfa9be6521230f42861,CACCGCGGTTATACGAGAGGCTCAAGTTGACAGACAACGGCATAAAGAGTGGTTAAGGAAAACATTTAACTAAAGCGGAACCCCCTCATTGCTGTTATACGCTTCCGAGGGAATGAACCCCAACTACGAAGGTGGCTTTATATTAACCTGAACCCACGAAAGCTAAGGAA
b288a795920dc4659d6a9aa9c3c99e936f7a9e4c,CACCGCGGTCATACGATTGACCCAAATTAATAGAGACCCGGCGTAAAGAGTGTTAAGGAATCACACAAAATAAAGTAAAATCCTAATTAAGCTGTAAAAAGCCATAATTAAAACTAAGCCAAACCACGAAAGTGACTTTAGTACAATCTGAGTACATGACAACTGAGACC
407bf7c0b8ad332d10bb83e9e96e0ee1b258aaa8,TACCGCGGTTATACGAGAAGCCCAAGTTGACAGATAACGGCGCAAAGGGTGGTTAGGGGGTACAAACTAAACTAGAGCTGAACGCTTCCAGAGCTGTTATACGCACCCGAAAGTATGAAACCCAACTACGAAAGTAGCTCTATTAACCCTGAACCCACGAAAGCTAAGAAA
1dcd61bd5739c4b49c4fe8a76d1510a57a786547,CACCGCGGTTATACGAGAGGCCCAAGTTGATAGCCACCGGCGTAAAGCGTGGTTAAGTTAAAACTCATACTAAAATGAAACATCTTCAAGACTGTTATACGTAACCGAAGATAGGAAGTCCAACCACGAAAGTGATTTTACTTGATCTGAACCCACGAAAGCTAAGGAA
c794655019fac05cabe9439600ff2210bd467ad5,CACCGCGGTTATACGAGCGGCCCAAGTTGATAAAAATCGGCGTAAAGAGTGGTTAAAAAAATGTTTAAACTAGAGCCGAATAGCCTCAAAGCAGTTATACGCACTCGAGGCCACGAAGTACAATTACAAAAGTAGCTCTACCCCACTTTGACTCCACGAAAACCATAAAA
c1a6db68f9ac919b1d39bf5d09e8a41df2e40cb0,CACCGCGGCTATACGAGAGACCCAAGTTGATACCATTCGGCGTAAAGAGTGGTTATGGAAGATAAAGACTAAAGCCGCACACCTTCAAAGCTGTTATACGCATCCGAAGGCTAGAAGATCAACCACGAAAGTAGCTTTACAACCCCTTACCCCACGAAAGCTCTGGCA
d1463558602bbd84bea02961a12237b821b43668,CACCGCGGTCATACGATTAACCCAAATTAATAGATCCACGGCGTAAAGAGTGTTTAAGAAAAAAAATCACAATAGAGTTAAATTATAACTAAGCTGTAAAAAGCCCTAGTTAAAATAAAATAACCCACGAAAGTGACTCTAATAATCCTGACACACGATAGCTAGGACC
63473f90db74e7f04895e6f63eeb65e33811e82f,CACCGCAGTCATACAACTGACCCAAATTAATAGAGACCCGGCGTAAAGAGCGTTAAGGAATCACACAGAATAAAGTCAAATCTTAATTAAGCTGTAAAAAGCCATAATTAAAACTAAGCTAAACCACGAAAGTGACTTTAATACAATCTGACTACACGACAGCTAAGACC
70e8e188ebdd7ea3d78d9c745f097cb48e934f95,CACCGCGGTTATACGAGGAGCTCAAGCTGATATCTCCGGCACAAAGCGTGATTAAAATACTAGCTTAATTAATACTATAGAAGCCATCATGCCTGCTAGTTGAATAGGTATGCCTAAATATCTCAACATCGAAAGAATCTATACTAATAAACTCACTTTGACATCACGAAAGCAAAACTCA
e55cb02360982c510552127c186f810aa5763ad4,CACCGCGGTTATACGAGTAACTCACATTAATACTTCACGGCGTAAAGGGTGATTAAAAGTTTCTAAAAAGTACTAGAGTTATAACCTTATAAAGCTGTCATACGCACCTATAAAAGGAACAATACACTGACGAAAGTAACTTTAACAATTTAGAGCTTTTGACCTCACGACAGTTAAGACA
ac0237cc9ce8bd3168aa65eaf3513a5db8410634,CACCGCGGCTATACGAGAGACCCAAGTTGATACCATTCGGCGTAAAGAGTGGTTATGGAAAATAAAGACTAAAGCCGCACACCTTCAAAGCTGTTATACGCATCCGAAGGCTAGAAGACCAACCACGAAGGTAGCTTTACAACCCCAGAACCCACGAGAGCTGGGACA
c6d586dc78d8ef5cac238cba2d5714407775bd69,CACCGCGGTCATACGATTAACCCAAGCTAACAGGAGTACGGCGTAAAACGTGTTAAAGCACCATACCAAATAGGGTTAAATTCTAACTAAGCTGTAAAAAGCCATGATTAAAATAAAAATAAATGACGAAAGTGACCCTACAATAGCCGACGCACTATAGCTAAGACC
428443da8c7d128ecba78f332d718fe9f6018b54,CACCGCGGTCAAACGAGTGTGCCCAAGTGGACAATCTACGGCGTAAGCGTGGTTAGGGAAACCCCACAACTAAAGTAGAACTAGCTCCGGGCTGTGATACGCACCCGACACTGTGAAACCTCACCACGAAAGTGACTTTAACAACCCCTGAACCCACGAAAGCTGGGGAA
0c56c5b7fb4564bdbf57ec88513e18491a359eff,CACCGCGGTCATACGATTGACCCAAATTAATAGACACCCGGCGTAAAGAGTGTCAAGGAAAAATATAAAAATAAAGTCAAACCTTAATTAAGCTGTAAAAAGCCATAATTAAAATTAAGTTAAACTACGAAAGTAACTTTACCATAAACTGAGTACACGACAACTAAGACC
da2a47c1c028818ec4474ee23c93072a99eb00ed,CACCATGGTCATACGATTATTGACCCAAGCTAGTAGAACTATGGCATAAAGCGTGTTAAAGAGCCACACAAGATAAAGTTAAACCTTAATTAAGCTGTAGAAAGCCATAATTAAAACTAAAATAAACTACGAAAGTGACTTCAATATAATCTGATCACACAATAGCTAAGACC
08b9a63fa870aa1c3fa66024030dbb3f2aa93860,CACCGCGGCTATACGAGAGACCCAAGTTGATACCATTCGGCGTAAAGAGTGGTTATGGAAAATAAAGACTAAAGCCGCACACCTTCAAAGCTGTTATACGCATCCGAAGGCTAGAAGATCAACCACGAAGGTAGCTTTACAACCCCAGAACCCACGAGAGCTGGGACA
19150972075779b8cab401f2eecf2bd7450b7cfe,CACCGCGGTCATACAATTATTGACCCAAGCTAATAGAACTATGGCGTAAAGCGTGTTAAAGAGCCACACAAGATAAAGTTAAACCTTAATTAAGTTGTAGAAAGCCATAATTAAAACTAAAACTACGAAAGTGACTTCAATATAATCTGGTCACACGATAGCCAAGACC
33f414f04f67b77e2551443b860851b723139c9d,CACCGCGGTTATACGAGAGGCCCAAGTTGACAGACACCGGCGTAAAGCGTGGTTAAGGTACACGAAAACTAAAGCCGAACACCTTCAGGGCAGTTATACGCATCCGAAGGCACGAAGCCCCACCACGAAAGTGGCTTTATGAACCCTGACCCCACGAAAGCTATGACA
795bcaff7d3c75a0bf513313628031d251243673,CACCGCGGTCATACGAATGACCCAAGCTAATAGGCATACGGCGTAAAGAGTGTTAAGGAGTTACACAAAATAAAGTCAAGCCTTGACCAAGCTGTAAAAAGCCATAGTTAAAACCAAGCTAAACCACGAAAGTGACTTTAATACAATCTACTACATGACAGCTAAGGCC
b63c8a44c1122de0bfffaf7658d239d31c1fa8ec,CACCGCGGTCATATGATTGACCCAAATTAATAGAACTACGGCGTAAAGCGTGTTAAAGAACCATACAATATAAAGTTAAACCTTAATTAAGCTGTAAAAAACCATAATTAAAATAAAAATCAACTACTAAAGTGACTTTAACATATTCTGATCACACGATAGCTAAGACC
340c5e630471147fb2b7353e3297de60475bf3b2,AGACGCGGTTATACAATTACTTTAGTCTAATATAAAACGGCGTAAAGAGTAAATTTTTCTTTCTTTAATCTCTAAAACTAAACCAATTTACTATAGTTAAATATGTAAATTTTTCAAACACCAACTAAAGCAGTTTTAAGAAAAAGCCTATAACTTTACGAAAGTTAGGACT
e7413ca3ccdd3646568659590d178978853f8e6b,CACCGCGATCATACGATTGATCCAAATTAATAGCATTACGGCATAAGCGTGATAAAGAATAATACAAAATAAAGTTAAACCTTGATTAAGCTGTAAAGAGCCCTAACTAAAGTAAAAATAGACTACGAAAGTGACTTTAACATACCCTGATTACATGATAGCTAAGACC
ab168a2b095aa3061b45e83fc8b9720609df0257,CACCATGGTCATATGATTGACCCGAATTGACCCGAATTAATAGAACTATGGCGTAAAGCGTGTTAACGAACCATACAAGATAAAGTTAAACCTTAATTAAGCTGTAAAAAGCCATAATTAAAACAAAAATAAACTACGAAAGTAACTTTAATATATTCTGATCACACAATGGCTAAGACC
db6ed296bd2b264804b5c703a85fe676f272f170,CACCGCGGTTATACGAGAGGCCCAAGTTGACAGACATCGGCGTAAAGCGTGGTTAAGGAAAATTTAAACTAAAGCCGAACACCTTCAGGGCAGTTATACGCATCCGAAGGCACGAAGCCCCACCACGAAAGTGGCTTTATGACTCCTGACCCCACGAAAGCTATGACA
77bb790e3f4c38d4730988f52ef69b6f8cae198e,CACCGCAGTCATACAACTGACCCAAATTAATAGAGACCCGGCGTAAAGAGCGTTAAGGAATCACACAGAATAAAGTCAAATCTTAATTAAGCTGTAAAAAGCCACAATTAAAACTAAGCTAAACCACGAAAGTGACTTTAATACAATCTGACTACACGACAGCTAAGACC
6af70bd175298cf5a08a0df642606df027c14003,CACCGCGGTCATACGAGTGTTAGCCCAAGTGGATGGTCAACGGCGTAAAGAGTGGTTAGGGATTCCCAGAACTAAAGCTGAACGCCCACAGGGCCGTTATACGCATCCGAGAGCATGAAACCCCGCCACGAAGGTGGCTTTAACCTAACCCGAACCCACGACAGCTAGGGCA
e128714cb6532caf696951c8bfafc486bb4fc65f,CACCAGCAGCCATAGATTGACCCGAATTAATAGAATTATGGCGTAAAGCGTGTTAAAGAATTATACAAGATAAAGTTAAACCTTAATTAAGCTGTAAAAAGCCATAATTACAGTAAAAATAAACTGTGAAAGTGACTTTAACATATCCTGATCACGCGACAGCTAAGACC
5aa0b1a1714f749777452a487ca4d99f82e4ea62,CACCGCGGTCATACGACTGACCTGAATTCATAGAACTACGGCGTAAAGCGTGTTAAAGAACCATACAAGATAAAGTTAAACCTTAATTAAGCTGTAAAAAGCCATAATTAAAACAAAAATAAATTACAAAAGTGACTTTAATAATCTGATCACGTGATAGCTAAGACC
6095b0f265fda1e690ea16c6d6b2a2ce8b7bafb4,CACCGCGGTTATACGAGAGGCCCAAGTTGACAAACAACGGCGTAAAGAGTGGTTAGGGGATTTACTAAACTAGAGCTGAACGCTTTCAAAGCTGTTATACGCACCCGGAAGTATGAAACCCAATTACGAAAGTAGCTCTACCTGTCCTGAACCCACGAAAGCTAAGGAA
a0544645d70df6bc1347acef42c8abaed94c8f1f,CACCGCGGCTATACGAGAGACCCAAGTTGATACCATTCGGCGTAAAGAGTGGTTATGGAAAATAAAGACTAAAGCCGCACACCTTCAAAGCTGTTATACGCACCCGAAGGCCAGAAGCTCAACCACGAAGGTAGCTTTACAACCCCTGACCCCACGAAAGCTCTGGCA
7ae19a9a639d63be9ff3600ca5239fa5ab16675c,CGCCTTGGTCATACGATTAATCCAAATTAATAGAAAACCGGCGTAAAGCCTGTTAAAGAGTAATAAAAAATAAAGTTAAATTCTAACTAAACCCTAAAAAGCCATAGCTAAAATAAACTATGAAAGTGACCTTAATATTTCCTGATTACACGACAGCTAAGACC
2b93ca71b7655dbdd97dc2f42fe84d13ea490115,TACCGCATTCATACGATTGATCCAAATTAATAGGAAACCAGGGTAAAGCATGTTAAAGAGTAATAAAAAATAAAGTTAAATTCTAACTGAGCTGTAAAAAGCCACAGCTAAAATAAAAATAAACTACAAAAGTGACTTTAGTATTTCCTAATTACATGACAGCTAAGAC
0a8cb459182cba241ed2100d93a04743514bcb7d,CACCGCAGCCATACGAATGATCCGAATTAATAGAATTACGACATAAAGAGTGTTAAAGAATTATACAAGATAAAGTTAAACCTTAATTAAGCTGTAAAAAGCCATAATTACAGTAAAAATAAACTATGAAAGTGACTTTAACATATCCTGATCACACGATAGCTAAGACC
c6adf396d4bf11e1ba9fdeb834dbdc5206f4322a,CACCTCGGTCATACGATTAACCCAAGTTAATAGAAATACGTCTTAAAGCGTGTTAAAGAGTAATACAAAATAAAGTTAAATTTTAATTAAGCTGTAAAAAGCCGTAATTAAAGATAGACTACGAAAGTGACTTTAGCACGTCCTGATTACATGACAGCTACGACC
8051364f94926a50db74a9eaef53b6463a8f39f3,CACCGCGGTCATTTGATAAACCTAAATTAATAGAAAACCTGCATAAAGCATGTGACAGAATAAGTTTTCAAAAAGTTAAATTCTAACTAAGCCATAAAAAGCCATAGCTAAAATAAAAATAAACTACCAGTGACTTTAATATTTCCTGATTACATGACAGCTAAGACT
8c809f31ba47cb763af8f107c98dbc223a74b669,CACCAGCAGCCATAGATTGACCCGAATTAATAGAATTATGGCGTCAAGCGTGTTAAAGAATTATCCAAGATAAAGTTAAACCTTAATTAAGCTGTAAAAAGCCATAATTACAGTAAAAATAAACTGTGAAAGTGACTTTAACATATCCTGATCACACAACAGCTAAGACC
bf2aee0e08c42cac9c82b2635afb40909640e85b,CACCGCGGTTATACGAGTGTGCCCAAGTGGACAATCTACGGCGTAAGCGTGGTTAGGGAAACCCCACAACTAAAGTAGAACTAGCTCCGGGCTGTGATACGCACCCGGGGCCTCGAACCACTATCACGAAAGTAGCTTTACCCTCGCCCACCAGAACCCACGAGAGCTGGGACA
8df5cbb04fcfc734150a1ce7edd31b958d0e8ac5,CACCGCGGTTATACGAGTAACTCATATTAATATTTTACGGCGTAAAGGGTGATTAGAAAATACTAAAAATTACTAAAGTTATAATTTTATAAAGCTGTTATACGCTCTTATAAAAAGAATAATACACCAACGAAAGTGACTTTATTTAATAAGAACTTTTGAACTCACGATAGTTAAGACA
e3c0667d6d53f2832fd39b8a0988b4448bf5fda6,CACCGCGGTCACACGACTGACCCGAATTAATAGAACTACGGTGTAAAGCGTGTTAAAGAACCATACAAGATAAAGTTAAACCTTAAGTAAGCTGTAAAAAGCCGTGATTAAAACAAAAGTAAACTACGAAAGTGACTTTATTAATATATTCTGATCACACGATAGCTAAGACC
a5c2cfb7e508f7262f5f6e959eef47e0cd1ac335,CGCCTTGGTCATACGATTAATCCAAATTAATAGAAACCCGGCGTAAAGCCTGTTAAAGAGTAATAAAAAATAAAGTTAAATTCTAACTAAACCCTAAAAAGCCATAGTTAAAATAAACTATGAAAGTGACCTTAATATTTCCTGATTATATGACAGCTAAGACC
51145f61f9103823951e2d0373bb3de11a2d93a1,CACCGCGGTCATACGAATGACCCAAGCTAATAGGCATACGGCGTAAAGAGTGTTAAGGAGTTACACAAAATAAAGTCAAGCCTTTACCAAGCTGTAAAAAGCCATAGTTAAAACCAAGCTAAACCACGAAAGTGACTTTAATACAATCTACTACACGACAGCTAAGGCC
51f59bcc1bc0aed7a5e4e6fd854f6c8c687da0b3,AGCCGCGGTAATACGAAGGGCCCGAGCGTTATTCGGAATCACTGGGCTTAAAGCGTGCGTAGGCGGACTTGTAGGCGTTTTGTGAAATCCCTCGGCTCAACCGAGGAACTGCAGAGCGAACCCCAACTACGAAGGTGGCTTTATATTAACCTGAACCCACGAAAGCTAAGGAA
d3958c2683bfcc60fdfbf2b7c0626c0a888cd71e,CACAGGGTCATACGATCAACCCAAGTTAATAGAAATACCGTGTAAAGTGTGTTAAAGAGTAATGCAAAATAAAGTTAAATTTTGGTTAAGCTGTAAAAAGCCATAATTAAAGTAAAAATAGACTACAAAACTGACTTTAGCACATCCTGGTTACACGACAGCTAAGACC
84c3d0fad8b0216a0a8df97ed258f25b29f00b3c,CACCGCGGCTATACGAGAGACCCAAGTTGATACCATTCGGCGTAAAGAGTGGTTATGGAAAATAAAGACTAAAGCCGCACACCTTCAAAGCTGTTATACGCATCCGAAGACTAGAAGATCAACCACGAAAGTAGCTTTACAACCCCTGACCCCACGAAAGCTCTGGCA
